Country_Region,date,Confirmed,Deaths,Recovered,Active
Algeria,2020-01-22,0,0,0,0
Algeria,2020-01-23,0,0,0,0
Algeria,2020-01-24,0,0,0,0
Algeria,2020-01-25,0,0,0,0
Algeria,2020-01-26,0,0,0,0
Algeria,2020-01-27,0,0,0,0
Algeria,2020-01-28,0,0,0,0
Algeria,2020-01-29,0,0,0,0
Algeria,2020-01-30,0,0,0,0
Algeria,2020-01-31,0,0,0,0
Algeria,2020-02-01,0,0,0,0
Algeria,2020-02-02,0,0,0,0
Algeria,2020-02-03,0,0,0,0
Algeria,2020-02-04,0,0,0,0
Algeria,2020-02-05,0,0,0,0
Algeria,2020-02-06,0,0,0,0
Algeria,2020-02-07,0,0,0,0
Algeria,2020-02-08,0,0,0,0
Algeria,2020-02-09,0,0,0,0
Algeria,2020-02-10,0,0,0,0
Algeria,2020-02-11,0,0,0,0
Algeria,2020-02-12,0,0,0,0
Algeria,2020-02-13,0,0,0,0
Algeria,2020-02-14,0,0,0,0
Algeria,2020-02-15,0,0,0,0
Algeria,2020-02-16,0,0,0,0
Algeria,2020-02-17,0,0,0,0
Algeria,2020-02-18,0,0,0,0
Algeria,2020-02-19,0,0,0,0
Algeria,2020-02-20,0,0,0,0
Algeria,2020-02-21,0,0,0,0
Algeria,2020-02-22,0,0,0,0
Algeria,2020-02-23,0,0,0,0
Algeria,2020-02-24,0,0,0,0
Algeria,2020-02-25,1,0,0,1
Algeria,2020-02-26,1,0,0,1
Algeria,2020-02-27,1,0,0,1
Algeria,2020-02-28,1,0,0,1
Algeria,2020-02-29,1,0,0,1
Algeria,2020-03-01,1,0,0,1
Algeria,2020-03-02,3,0,0,3
Algeria,2020-03-03,5,0,0,5
Algeria,2020-03-04,12,0,0,12
Algeria,2020-03-05,12,0,0,12
Algeria,2020-03-06,17,0,0,17
Algeria,2020-03-07,17,0,0,17
Algeria,2020-03-08,19,0,0,19
Algeria,2020-03-09,20,0,0,20
Algeria,2020-03-10,20,0,0,20
Algeria,2020-03-11,20,0,0,20
Algeria,2020-03-12,24,1,8,15
Algeria,2020-03-13,26,2,8,16
Algeria,2020-03-14,37,3,12,22
Algeria,2020-03-15,48,4,12,32
Algeria,2020-03-16,54,4,12,38
Algeria,2020-03-17,60,4,12,44
Algeria,2020-03-18,74,7,12,55
Algeria,2020-03-19,87,9,32,46
Algeria,2020-03-20,90,11,32,47
Algeria,2020-03-21,139,15,32,92
Algeria,2020-03-22,201,17,65,119
Algeria,2020-03-23,230,17,65,148
Algeria,2020-03-24,264,19,24,221
Algeria,2020-03-25,302,21,65,216
Algeria,2020-03-26,367,25,29,313
Algeria,2020-03-27,409,26,29,354
Algeria,2020-03-28,454,29,31,394
Algeria,2020-03-29,511,31,31,449
Angola,2020-01-22,0,0,0,0
Angola,2020-01-23,0,0,0,0
Angola,2020-01-24,0,0,0,0
Angola,2020-01-25,0,0,0,0
Angola,2020-01-26,0,0,0,0
Angola,2020-01-27,0,0,0,0
Angola,2020-01-28,0,0,0,0
Angola,2020-01-29,0,0,0,0
Angola,2020-01-30,0,0,0,0
Angola,2020-01-31,0,0,0,0
Angola,2020-02-01,0,0,0,0
Angola,2020-02-02,0,0,0,0
Angola,2020-02-03,0,0,0,0
Angola,2020-02-04,0,0,0,0
Angola,2020-02-05,0,0,0,0
Angola,2020-02-06,0,0,0,0
Angola,2020-02-07,0,0,0,0
Angola,2020-02-08,0,0,0,0
Angola,2020-02-09,0,0,0,0
Angola,2020-02-10,0,0,0,0
Angola,2020-02-11,0,0,0,0
Angola,2020-02-12,0,0,0,0
Angola,2020-02-13,0,0,0,0
Angola,2020-02-14,0,0,0,0
Angola,2020-02-15,0,0,0,0
Angola,2020-02-16,0,0,0,0
Angola,2020-02-17,0,0,0,0
Angola,2020-02-18,0,0,0,0
Angola,2020-02-19,0,0,0,0
Angola,2020-02-20,0,0,0,0
Angola,2020-02-21,0,0,0,0
Angola,2020-02-22,0,0,0,0
Angola,2020-02-23,0,0,0,0
Angola,2020-02-24,0,0,0,0
Angola,2020-02-25,0,0,0,0
Angola,2020-02-26,0,0,0,0
Angola,2020-02-27,0,0,0,0
Angola,2020-02-28,0,0,0,0
Angola,2020-02-29,0,0,0,0
Angola,2020-03-01,0,0,0,0
Angola,2020-03-02,0,0,0,0
Angola,2020-03-03,0,0,0,0
Angola,2020-03-04,0,0,0,0
Angola,2020-03-05,0,0,0,0
Angola,2020-03-06,0,0,0,0
Angola,2020-03-07,0,0,0,0
Angola,2020-03-08,0,0,0,0
Angola,2020-03-09,0,0,0,0
Angola,2020-03-10,0,0,0,0
Angola,2020-03-11,0,0,0,0
Angola,2020-03-12,0,0,0,0
Angola,2020-03-13,0,0,0,0
Angola,2020-03-14,0,0,0,0
Angola,2020-03-15,0,0,0,0
Angola,2020-03-16,0,0,0,0
Angola,2020-03-17,0,0,0,0
Angola,2020-03-18,0,0,0,0
Angola,2020-03-19,0,0,0,0
Angola,2020-03-20,1,0,0,1
Angola,2020-03-21,2,0,0,2
Angola,2020-03-22,2,0,0,2
Angola,2020-03-23,3,0,0,3
Angola,2020-03-24,3,0,0,3
Angola,2020-03-25,3,0,0,3
Angola,2020-03-26,4,0,0,4
Angola,2020-03-27,4,0,0,4
Angola,2020-03-28,5,0,0,5
Angola,2020-03-29,7,2,0,5
Benin,2020-01-22,0,0,0,0
Benin,2020-01-23,0,0,0,0
Benin,2020-01-24,0,0,0,0
Benin,2020-01-25,0,0,0,0
Benin,2020-01-26,0,0,0,0
Benin,2020-01-27,0,0,0,0
Benin,2020-01-28,0,0,0,0
Benin,2020-01-29,0,0,0,0
Benin,2020-01-30,0,0,0,0
Benin,2020-01-31,0,0,0,0
Benin,2020-02-01,0,0,0,0
Benin,2020-02-02,0,0,0,0
Benin,2020-02-03,0,0,0,0
Benin,2020-02-04,0,0,0,0
Benin,2020-02-05,0,0,0,0
Benin,2020-02-06,0,0,0,0
Benin,2020-02-07,0,0,0,0
Benin,2020-02-08,0,0,0,0
Benin,2020-02-09,0,0,0,0
Benin,2020-02-10,0,0,0,0
Benin,2020-02-11,0,0,0,0
Benin,2020-02-12,0,0,0,0
Benin,2020-02-13,0,0,0,0
Benin,2020-02-14,0,0,0,0
Benin,2020-02-15,0,0,0,0
Benin,2020-02-16,0,0,0,0
Benin,2020-02-17,0,0,0,0
Benin,2020-02-18,0,0,0,0
Benin,2020-02-19,0,0,0,0
Benin,2020-02-20,0,0,0,0
Benin,2020-02-21,0,0,0,0
Benin,2020-02-22,0,0,0,0
Benin,2020-02-23,0,0,0,0
Benin,2020-02-24,0,0,0,0
Benin,2020-02-25,0,0,0,0
Benin,2020-02-26,0,0,0,0
Benin,2020-02-27,0,0,0,0
Benin,2020-02-28,0,0,0,0
Benin,2020-02-29,0,0,0,0
Benin,2020-03-01,0,0,0,0
Benin,2020-03-02,0,0,0,0
Benin,2020-03-03,0,0,0,0
Benin,2020-03-04,0,0,0,0
Benin,2020-03-05,0,0,0,0
Benin,2020-03-06,0,0,0,0
Benin,2020-03-07,0,0,0,0
Benin,2020-03-08,0,0,0,0
Benin,2020-03-09,0,0,0,0
Benin,2020-03-10,0,0,0,0
Benin,2020-03-11,0,0,0,0
Benin,2020-03-12,0,0,0,0
Benin,2020-03-13,0,0,0,0
Benin,2020-03-14,0,0,0,0
Benin,2020-03-15,0,0,0,0
Benin,2020-03-16,1,0,0,1
Benin,2020-03-17,1,0,0,1
Benin,2020-03-18,2,0,0,2
Benin,2020-03-19,2,0,0,2
Benin,2020-03-20,2,0,0,2
Benin,2020-03-21,2,0,0,2
Benin,2020-03-22,2,0,0,2
Benin,2020-03-23,5,0,0,5
Benin,2020-03-24,6,0,0,6
Benin,2020-03-25,6,0,0,6
Benin,2020-03-26,6,0,0,6
Benin,2020-03-27,6,0,0,6
Benin,2020-03-28,6,0,0,6
Benin,2020-03-29,6,0,0,6
Burkina Faso,2020-01-22,0,0,0,0
Burkina Faso,2020-01-23,0,0,0,0
Burkina Faso,2020-01-24,0,0,0,0
Burkina Faso,2020-01-25,0,0,0,0
Burkina Faso,2020-01-26,0,0,0,0
Burkina Faso,2020-01-27,0,0,0,0
Burkina Faso,2020-01-28,0,0,0,0
Burkina Faso,2020-01-29,0,0,0,0
Burkina Faso,2020-01-30,0,0,0,0
Burkina Faso,2020-01-31,0,0,0,0
Burkina Faso,2020-02-01,0,0,0,0
Burkina Faso,2020-02-02,0,0,0,0
Burkina Faso,2020-02-03,0,0,0,0
Burkina Faso,2020-02-04,0,0,0,0
Burkina Faso,2020-02-05,0,0,0,0
Burkina Faso,2020-02-06,0,0,0,0
Burkina Faso,2020-02-07,0,0,0,0
Burkina Faso,2020-02-08,0,0,0,0
Burkina Faso,2020-02-09,0,0,0,0
Burkina Faso,2020-02-10,0,0,0,0
Burkina Faso,2020-02-11,0,0,0,0
Burkina Faso,2020-02-12,0,0,0,0
Burkina Faso,2020-02-13,0,0,0,0
Burkina Faso,2020-02-14,0,0,0,0
Burkina Faso,2020-02-15,0,0,0,0
Burkina Faso,2020-02-16,0,0,0,0
Burkina Faso,2020-02-17,0,0,0,0
Burkina Faso,2020-02-18,0,0,0,0
Burkina Faso,2020-02-19,0,0,0,0
Burkina Faso,2020-02-20,0,0,0,0
Burkina Faso,2020-02-21,0,0,0,0
Burkina Faso,2020-02-22,0,0,0,0
Burkina Faso,2020-02-23,0,0,0,0
Burkina Faso,2020-02-24,0,0,0,0
Burkina Faso,2020-02-25,0,0,0,0
Burkina Faso,2020-02-26,0,0,0,0
Burkina Faso,2020-02-27,0,0,0,0
Burkina Faso,2020-02-28,0,0,0,0
Burkina Faso,2020-02-29,0,0,0,0
Burkina Faso,2020-03-01,0,0,0,0
Burkina Faso,2020-03-02,0,0,0,0
Burkina Faso,2020-03-03,0,0,0,0
Burkina Faso,2020-03-04,0,0,0,0
Burkina Faso,2020-03-05,0,0,0,0
Burkina Faso,2020-03-06,0,0,0,0
Burkina Faso,2020-03-07,0,0,0,0
Burkina Faso,2020-03-08,0,0,0,0
Burkina Faso,2020-03-09,0,0,0,0
Burkina Faso,2020-03-10,1,0,0,1
Burkina Faso,2020-03-11,2,0,0,2
Burkina Faso,2020-03-12,2,0,0,2
Burkina Faso,2020-03-13,2,0,0,2
Burkina Faso,2020-03-14,2,0,0,2
Burkina Faso,2020-03-15,3,0,0,3
Burkina Faso,2020-03-16,15,0,0,15
Burkina Faso,2020-03-17,15,0,0,15
Burkina Faso,2020-03-18,20,1,0,19
Burkina Faso,2020-03-19,33,1,0,32
Burkina Faso,2020-03-20,40,1,0,39
Burkina Faso,2020-03-21,64,2,5,57
Burkina Faso,2020-03-22,75,4,5,66
Burkina Faso,2020-03-23,99,4,5,90
Burkina Faso,2020-03-24,114,4,7,103
Burkina Faso,2020-03-25,146,4,10,132
Burkina Faso,2020-03-26,152,7,10,135
Burkina Faso,2020-03-27,180,9,12,159
Burkina Faso,2020-03-28,207,11,21,175
Burkina Faso,2020-03-29,222,12,23,187
Cabo Verde,2020-01-22,0,0,0,0
Cabo Verde,2020-01-23,0,0,0,0
Cabo Verde,2020-01-24,0,0,0,0
Cabo Verde,2020-01-25,0,0,0,0
Cabo Verde,2020-01-26,0,0,0,0
Cabo Verde,2020-01-27,0,0,0,0
Cabo Verde,2020-01-28,0,0,0,0
Cabo Verde,2020-01-29,0,0,0,0
Cabo Verde,2020-01-30,0,0,0,0
Cabo Verde,2020-01-31,0,0,0,0
Cabo Verde,2020-02-01,0,0,0,0
Cabo Verde,2020-02-02,0,0,0,0
Cabo Verde,2020-02-03,0,0,0,0
Cabo Verde,2020-02-04,0,0,0,0
Cabo Verde,2020-02-05,0,0,0,0
Cabo Verde,2020-02-06,0,0,0,0
Cabo Verde,2020-02-07,0,0,0,0
Cabo Verde,2020-02-08,0,0,0,0
Cabo Verde,2020-02-09,0,0,0,0
Cabo Verde,2020-02-10,0,0,0,0
Cabo Verde,2020-02-11,0,0,0,0
Cabo Verde,2020-02-12,0,0,0,0
Cabo Verde,2020-02-13,0,0,0,0
Cabo Verde,2020-02-14,0,0,0,0
Cabo Verde,2020-02-15,0,0,0,0
Cabo Verde,2020-02-16,0,0,0,0
Cabo Verde,2020-02-17,0,0,0,0
Cabo Verde,2020-02-18,0,0,0,0
Cabo Verde,2020-02-19,0,0,0,0
Cabo Verde,2020-02-20,0,0,0,0
Cabo Verde,2020-02-21,0,0,0,0
Cabo Verde,2020-02-22,0,0,0,0
Cabo Verde,2020-02-23,0,0,0,0
Cabo Verde,2020-02-24,0,0,0,0
Cabo Verde,2020-02-25,0,0,0,0
Cabo Verde,2020-02-26,0,0,0,0
Cabo Verde,2020-02-27,0,0,0,0
Cabo Verde,2020-02-28,0,0,0,0
Cabo Verde,2020-02-29,0,0,0,0
Cabo Verde,2020-03-01,0,0,0,0
Cabo Verde,2020-03-02,0,0,0,0
Cabo Verde,2020-03-03,0,0,0,0
Cabo Verde,2020-03-04,0,0,0,0
Cabo Verde,2020-03-05,0,0,0,0
Cabo Verde,2020-03-06,0,0,0,0
Cabo Verde,2020-03-07,0,0,0,0
Cabo Verde,2020-03-08,0,0,0,0
Cabo Verde,2020-03-09,0,0,0,0
Cabo Verde,2020-03-10,0,0,0,0
Cabo Verde,2020-03-11,0,0,0,0
Cabo Verde,2020-03-12,0,0,0,0
Cabo Verde,2020-03-13,0,0,0,0
Cabo Verde,2020-03-14,0,0,0,0
Cabo Verde,2020-03-15,0,0,0,0
Cabo Verde,2020-03-16,0,0,0,0
Cabo Verde,2020-03-17,0,0,0,0
Cabo Verde,2020-03-18,0,0,0,0
Cabo Verde,2020-03-19,0,0,0,0
Cabo Verde,2020-03-20,1,0,0,1
Cabo Verde,2020-03-21,3,0,0,3
Cabo Verde,2020-03-21,1,0,0,1
Cabo Verde,2020-03-22,3,0,0,3
Cabo Verde,2020-03-23,3,0,0,3
Cabo Verde,2020-03-24,3,1,0,2
Cabo Verde,2020-03-25,4,1,0,3
Cabo Verde,2020-03-26,4,1,0,3
Cabo Verde,2020-03-27,5,1,0,4
Cabo Verde,2020-03-28,5,1,0,4
Cabo Verde,2020-03-29,6,1,0,5
Cameroon,2020-01-22,0,0,0,0
Cameroon,2020-01-23,0,0,0,0
Cameroon,2020-01-24,0,0,0,0
Cameroon,2020-01-25,0,0,0,0
Cameroon,2020-01-26,0,0,0,0
Cameroon,2020-01-27,0,0,0,0
Cameroon,2020-01-28,0,0,0,0
Cameroon,2020-01-29,0,0,0,0
Cameroon,2020-01-30,0,0,0,0
Cameroon,2020-01-31,0,0,0,0
Cameroon,2020-02-01,0,0,0,0
Cameroon,2020-02-02,0,0,0,0
Cameroon,2020-02-03,0,0,0,0
Cameroon,2020-02-04,0,0,0,0
Cameroon,2020-02-05,0,0,0,0
Cameroon,2020-02-06,0,0,0,0
Cameroon,2020-02-07,0,0,0,0
Cameroon,2020-02-08,0,0,0,0
Cameroon,2020-02-09,0,0,0,0
Cameroon,2020-02-10,0,0,0,0
Cameroon,2020-02-11,0,0,0,0
Cameroon,2020-02-12,0,0,0,0
Cameroon,2020-02-13,0,0,0,0
Cameroon,2020-02-14,0,0,0,0
Cameroon,2020-02-15,0,0,0,0
Cameroon,2020-02-16,0,0,0,0
Cameroon,2020-02-17,0,0,0,0
Cameroon,2020-02-18,0,0,0,0
Cameroon,2020-02-19,0,0,0,0
Cameroon,2020-02-20,0,0,0,0
Cameroon,2020-02-21,0,0,0,0
Cameroon,2020-02-22,0,0,0,0
Cameroon,2020-02-23,0,0,0,0
Cameroon,2020-02-24,0,0,0,0
Cameroon,2020-02-25,0,0,0,0
Cameroon,2020-02-26,0,0,0,0
Cameroon,2020-02-27,0,0,0,0
Cameroon,2020-02-28,0,0,0,0
Cameroon,2020-02-29,0,0,0,0
Cameroon,2020-03-01,0,0,0,0
Cameroon,2020-03-02,0,0,0,0
Cameroon,2020-03-03,0,0,0,0
Cameroon,2020-03-04,0,0,0,0
Cameroon,2020-03-05,0,0,0,0
Cameroon,2020-03-06,1,0,0,1
Cameroon,2020-03-07,1,0,0,1
Cameroon,2020-03-08,2,0,0,2
Cameroon,2020-03-09,2,0,0,2
Cameroon,2020-03-10,2,0,0,2
Cameroon,2020-03-11,2,0,0,2
Cameroon,2020-03-12,2,0,0,2
Cameroon,2020-03-13,2,0,0,2
Cameroon,2020-03-14,2,0,0,2
Cameroon,2020-03-15,2,0,0,2
Cameroon,2020-03-16,4,0,0,4
Cameroon,2020-03-17,10,0,0,10
Cameroon,2020-03-18,10,0,0,10
Cameroon,2020-03-19,13,0,0,13
Cameroon,2020-03-20,20,0,0,20
Cameroon,2020-03-21,27,0,0,27
Cameroon,2020-03-22,40,0,2,38
Cameroon,2020-03-23,56,0,2,54
Cameroon,2020-03-24,66,0,2,64
Cameroon,2020-03-25,75,1,2,72
Cameroon,2020-03-26,75,1,2,72
Cameroon,2020-03-27,91,2,2,87
Cameroon,2020-03-28,91,2,2,87
Cameroon,2020-03-29,139,6,5,128
Central African Republic,2020-01-22,0,0,0,0
Central African Republic,2020-01-23,0,0,0,0
Central African Republic,2020-01-24,0,0,0,0
Central African Republic,2020-01-25,0,0,0,0
Central African Republic,2020-01-26,0,0,0,0
Central African Republic,2020-01-27,0,0,0,0
Central African Republic,2020-01-28,0,0,0,0
Central African Republic,2020-01-29,0,0,0,0
Central African Republic,2020-01-30,0,0,0,0
Central African Republic,2020-01-31,0,0,0,0
Central African Republic,2020-02-01,0,0,0,0
Central African Republic,2020-02-02,0,0,0,0
Central African Republic,2020-02-03,0,0,0,0
Central African Republic,2020-02-04,0,0,0,0
Central African Republic,2020-02-05,0,0,0,0
Central African Republic,2020-02-06,0,0,0,0
Central African Republic,2020-02-07,0,0,0,0
Central African Republic,2020-02-08,0,0,0,0
Central African Republic,2020-02-09,0,0,0,0
Central African Republic,2020-02-10,0,0,0,0
Central African Republic,2020-02-11,0,0,0,0
Central African Republic,2020-02-12,0,0,0,0
Central African Republic,2020-02-13,0,0,0,0
Central African Republic,2020-02-14,0,0,0,0
Central African Republic,2020-02-15,0,0,0,0
Central African Republic,2020-02-16,0,0,0,0
Central African Republic,2020-02-17,0,0,0,0
Central African Republic,2020-02-18,0,0,0,0
Central African Republic,2020-02-19,0,0,0,0
Central African Republic,2020-02-20,0,0,0,0
Central African Republic,2020-02-21,0,0,0,0
Central African Republic,2020-02-22,0,0,0,0
Central African Republic,2020-02-23,0,0,0,0
Central African Republic,2020-02-24,0,0,0,0
Central African Republic,2020-02-25,0,0,0,0
Central African Republic,2020-02-26,0,0,0,0
Central African Republic,2020-02-27,0,0,0,0
Central African Republic,2020-02-28,0,0,0,0
Central African Republic,2020-02-29,0,0,0,0
Central African Republic,2020-03-01,0,0,0,0
Central African Republic,2020-03-02,0,0,0,0
Central African Republic,2020-03-03,0,0,0,0
Central African Republic,2020-03-04,0,0,0,0
Central African Republic,2020-03-05,0,0,0,0
Central African Republic,2020-03-06,0,0,0,0
Central African Republic,2020-03-07,0,0,0,0
Central African Republic,2020-03-08,0,0,0,0
Central African Republic,2020-03-09,0,0,0,0
Central African Republic,2020-03-10,0,0,0,0
Central African Republic,2020-03-11,0,0,0,0
Central African Republic,2020-03-12,0,0,0,0
Central African Republic,2020-03-13,0,0,0,0
Central African Republic,2020-03-14,0,0,0,0
Central African Republic,2020-03-15,1,0,0,1
Central African Republic,2020-03-16,1,0,0,1
Central African Republic,2020-03-17,1,0,0,1
Central African Republic,2020-03-18,1,0,0,1
Central African Republic,2020-03-19,1,0,0,1
Central African Republic,2020-03-20,3,0,0,3
Central African Republic,2020-03-21,3,0,0,3
Central African Republic,2020-03-22,3,0,0,3
Central African Republic,2020-03-23,3,0,0,3
Central African Republic,2020-03-24,3,0,0,3
Central African Republic,2020-03-25,3,0,0,3
Central African Republic,2020-03-26,3,0,0,3
Central African Republic,2020-03-27,3,0,0,3
Central African Republic,2020-03-28,3,0,0,3
Central African Republic,2020-03-29,3,0,0,3
Chad,2020-01-22,0,0,0,0
Chad,2020-01-23,0,0,0,0
Chad,2020-01-24,0,0,0,0
Chad,2020-01-25,0,0,0,0
Chad,2020-01-26,0,0,0,0
Chad,2020-01-27,0,0,0,0
Chad,2020-01-28,0,0,0,0
Chad,2020-01-29,0,0,0,0
Chad,2020-01-30,0,0,0,0
Chad,2020-01-31,0,0,0,0
Chad,2020-02-01,0,0,0,0
Chad,2020-02-02,0,0,0,0
Chad,2020-02-03,0,0,0,0
Chad,2020-02-04,0,0,0,0
Chad,2020-02-05,0,0,0,0
Chad,2020-02-06,0,0,0,0
Chad,2020-02-07,0,0,0,0
Chad,2020-02-08,0,0,0,0
Chad,2020-02-09,0,0,0,0
Chad,2020-02-10,0,0,0,0
Chad,2020-02-11,0,0,0,0
Chad,2020-02-12,0,0,0,0
Chad,2020-02-13,0,0,0,0
Chad,2020-02-14,0,0,0,0
Chad,2020-02-15,0,0,0,0
Chad,2020-02-16,0,0,0,0
Chad,2020-02-17,0,0,0,0
Chad,2020-02-18,0,0,0,0
Chad,2020-02-19,0,0,0,0
Chad,2020-02-20,0,0,0,0
Chad,2020-02-21,0,0,0,0
Chad,2020-02-22,0,0,0,0
Chad,2020-02-23,0,0,0,0
Chad,2020-02-24,0,0,0,0
Chad,2020-02-25,0,0,0,0
Chad,2020-02-26,0,0,0,0
Chad,2020-02-27,0,0,0,0
Chad,2020-02-28,0,0,0,0
Chad,2020-02-29,0,0,0,0
Chad,2020-03-01,0,0,0,0
Chad,2020-03-02,0,0,0,0
Chad,2020-03-03,0,0,0,0
Chad,2020-03-04,0,0,0,0
Chad,2020-03-05,0,0,0,0
Chad,2020-03-06,0,0,0,0
Chad,2020-03-07,0,0,0,0
Chad,2020-03-08,0,0,0,0
Chad,2020-03-09,0,0,0,0
Chad,2020-03-10,0,0,0,0
Chad,2020-03-11,0,0,0,0
Chad,2020-03-12,0,0,0,0
Chad,2020-03-13,0,0,0,0
Chad,2020-03-14,0,0,0,0
Chad,2020-03-15,0,0,0,0
Chad,2020-03-16,0,0,0,0
Chad,2020-03-17,0,0,0,0
Chad,2020-03-18,0,0,0,0
Chad,2020-03-19,1,0,0,1
Chad,2020-03-20,1,0,0,1
Chad,2020-03-21,1,0,0,1
Chad,2020-03-22,1,0,0,1
Chad,2020-03-23,1,0,0,1
Chad,2020-03-24,3,0,0,3
Chad,2020-03-25,3,0,0,3
Chad,2020-03-26,3,0,0,3
Chad,2020-03-27,3,0,0,3
Chad,2020-03-28,3,0,0,3
Chad,2020-03-29,3,0,0,3
Cote d'Ivoire,2020-01-22,0,0,0,0
Cote d'Ivoire,2020-01-23,0,0,0,0
Cote d'Ivoire,2020-01-24,0,0,0,0
Cote d'Ivoire,2020-01-25,0,0,0,0
Cote d'Ivoire,2020-01-26,0,0,0,0
Cote d'Ivoire,2020-01-27,1,0,0,1
Cote d'Ivoire,2020-01-28,0,0,0,0
Cote d'Ivoire,2020-01-29,0,0,0,0
Cote d'Ivoire,2020-01-30,0,0,0,0
Cote d'Ivoire,2020-01-31,0,0,0,0
Cote d'Ivoire,2020-02-01,0,0,0,0
Cote d'Ivoire,2020-02-02,0,0,0,0
Cote d'Ivoire,2020-02-03,0,0,0,0
Cote d'Ivoire,2020-02-04,0,0,0,0
Cote d'Ivoire,2020-02-05,0,0,0,0
Cote d'Ivoire,2020-02-06,0,0,0,0
Cote d'Ivoire,2020-02-07,0,0,0,0
Cote d'Ivoire,2020-02-08,0,0,0,0
Cote d'Ivoire,2020-02-09,0,0,0,0
Cote d'Ivoire,2020-02-10,0,0,0,0
Cote d'Ivoire,2020-02-11,0,0,0,0
Cote d'Ivoire,2020-02-12,0,0,0,0
Cote d'Ivoire,2020-02-13,0,0,0,0
Cote d'Ivoire,2020-02-14,0,0,0,0
Cote d'Ivoire,2020-02-15,0,0,0,0
Cote d'Ivoire,2020-02-16,0,0,0,0
Cote d'Ivoire,2020-02-17,0,0,0,0
Cote d'Ivoire,2020-02-18,0,0,0,0
Cote d'Ivoire,2020-02-19,0,0,0,0
Cote d'Ivoire,2020-02-20,0,0,0,0
Cote d'Ivoire,2020-02-21,0,0,0,0
Cote d'Ivoire,2020-02-22,0,0,0,0
Cote d'Ivoire,2020-02-23,0,0,0,0
Cote d'Ivoire,2020-02-24,0,0,0,0
Cote d'Ivoire,2020-02-25,0,0,0,0
Cote d'Ivoire,2020-02-26,0,0,0,0
Cote d'Ivoire,2020-02-27,0,0,0,0
Cote d'Ivoire,2020-02-28,0,0,0,0
Cote d'Ivoire,2020-02-29,0,0,0,0
Cote d'Ivoire,2020-03-01,0,0,0,0
Cote d'Ivoire,2020-03-02,0,0,0,0
Cote d'Ivoire,2020-03-03,0,0,0,0
Cote d'Ivoire,2020-03-04,0,0,0,0
Cote d'Ivoire,2020-03-05,0,0,0,0
Cote d'Ivoire,2020-03-06,0,0,0,0
Cote d'Ivoire,2020-03-07,0,0,0,0
Cote d'Ivoire,2020-03-08,0,0,0,0
Cote d'Ivoire,2020-03-09,0,0,0,0
Cote d'Ivoire,2020-03-10,0,0,0,0
Cote d'Ivoire,2020-03-11,1,0,0,1
Cote d'Ivoire,2020-03-12,1,0,0,1
Cote d'Ivoire,2020-03-13,1,0,0,1
Cote d'Ivoire,2020-03-14,1,0,0,1
Cote d'Ivoire,2020-03-15,1,0,0,1
Cote d'Ivoire,2020-03-16,1,0,0,1
Cote d'Ivoire,2020-03-17,5,0,1,4
Cote d'Ivoire,2020-03-18,6,0,1,5
Cote d'Ivoire,2020-03-19,9,0,1,8
Cote d'Ivoire,2020-03-20,9,0,1,8
Cote d'Ivoire,2020-03-21,14,0,1,13
Cote d'Ivoire,2020-03-22,14,0,1,13
Cote d'Ivoire,2020-03-23,25,0,2,23
Cote d'Ivoire,2020-03-24,73,0,2,71
Cote d'Ivoire,2020-03-25,80,0,3,77
Cote d'Ivoire,2020-03-26,96,0,3,93
Cote d'Ivoire,2020-03-27,101,0,3,98
Cote d'Ivoire,2020-03-28,101,0,3,98
Cote d'Ivoire,2020-03-29,165,1,4,160
Democratic Republic of the Congo,2020-01-22,0,0,0,0
Democratic Republic of the Congo,2020-01-23,0,0,0,0
Democratic Republic of the Congo,2020-01-24,0,0,0,0
Democratic Republic of the Congo,2020-01-25,0,0,0,0
Democratic Republic of the Congo,2020-01-26,0,0,0,0
Democratic Republic of the Congo,2020-01-27,0,0,0,0
Democratic Republic of the Congo,2020-01-28,0,0,0,0
Democratic Republic of the Congo,2020-01-29,0,0,0,0
Democratic Republic of the Congo,2020-01-30,0,0,0,0
Democratic Republic of the Congo,2020-01-31,0,0,0,0
Democratic Republic of the Congo,2020-02-01,0,0,0,0
Democratic Republic of the Congo,2020-02-02,0,0,0,0
Democratic Republic of the Congo,2020-02-03,0,0,0,0
Democratic Republic of the Congo,2020-02-04,0,0,0,0
Democratic Republic of the Congo,2020-02-05,0,0,0,0
Democratic Republic of the Congo,2020-02-06,0,0,0,0
Democratic Republic of the Congo,2020-02-07,0,0,0,0
Democratic Republic of the Congo,2020-02-08,0,0,0,0
Democratic Republic of the Congo,2020-02-09,0,0,0,0
Democratic Republic of the Congo,2020-02-10,0,0,0,0
Democratic Republic of the Congo,2020-02-11,0,0,0,0
Democratic Republic of the Congo,2020-02-12,0,0,0,0
Democratic Republic of the Congo,2020-02-13,0,0,0,0
Democratic Republic of the Congo,2020-02-14,0,0,0,0
Democratic Republic of the Congo,2020-02-15,0,0,0,0
Democratic Republic of the Congo,2020-02-16,0,0,0,0
Democratic Republic of the Congo,2020-02-17,0,0,0,0
Democratic Republic of the Congo,2020-02-18,0,0,0,0
Democratic Republic of the Congo,2020-02-19,0,0,0,0
Democratic Republic of the Congo,2020-02-20,0,0,0,0
Democratic Republic of the Congo,2020-02-21,0,0,0,0
Democratic Republic of the Congo,2020-02-22,0,0,0,0
Democratic Republic of the Congo,2020-02-23,0,0,0,0
Democratic Republic of the Congo,2020-02-24,0,0,0,0
Democratic Republic of the Congo,2020-02-25,0,0,0,0
Democratic Republic of the Congo,2020-02-26,0,0,0,0
Democratic Republic of the Congo,2020-02-27,0,0,0,0
Democratic Republic of the Congo,2020-02-28,0,0,0,0
Democratic Republic of the Congo,2020-02-29,0,0,0,0
Democratic Republic of the Congo,2020-03-01,0,0,0,0
Democratic Republic of the Congo,2020-03-02,0,0,0,0
Democratic Republic of the Congo,2020-03-03,0,0,0,0
Democratic Republic of the Congo,2020-03-04,0,0,0,0
Democratic Republic of the Congo,2020-03-05,0,0,0,0
Democratic Republic of the Congo,2020-03-06,0,0,0,0
Democratic Republic of the Congo,2020-03-07,0,0,0,0
Democratic Republic of the Congo,2020-03-08,0,0,0,0
Democratic Republic of the Congo,2020-03-09,0,0,0,0
Democratic Republic of the Congo,2020-03-10,0,0,0,0
Democratic Republic of the Congo,2020-03-11,1,0,0,1
Democratic Republic of the Congo,2020-03-12,1,0,0,1
Democratic Republic of the Congo,2020-03-13,2,0,0,2
Democratic Republic of the Congo,2020-03-14,2,0,0,2
Democratic Republic of the Congo,2020-03-15,2,0,0,2
Democratic Republic of the Congo,2020-03-16,2,0,0,2
Democratic Republic of the Congo,2020-03-17,3,0,0,3
Democratic Republic of the Congo,2020-03-18,4,0,0,4
Democratic Republic of the Congo,2020-03-19,14,0,0,14
Democratic Republic of the Congo,2020-03-20,18,0,0,18
Democratic Republic of the Congo,2020-03-21,23,1,0,22
Democratic Republic of the Congo,2020-03-22,30,1,0,29
Democratic Republic of the Congo,2020-03-23,36,1,0,35
Democratic Republic of the Congo,2020-03-24,45,2,0,43
Democratic Republic of the Congo,2020-03-25,48,2,0,46
Democratic Republic of the Congo,2020-03-26,51,3,0,48
Democratic Republic of the Congo,2020-03-27,51,3,2,46
Democratic Republic of the Congo,2020-03-28,65,6,2,57
Democratic Republic of the Congo,2020-03-29,65,6,2,57
Djibouti,2020-01-22,0,0,0,0
Djibouti,2020-01-23,0,0,0,0
Djibouti,2020-01-24,0,0,0,0
Djibouti,2020-01-25,0,0,0,0
Djibouti,2020-01-26,0,0,0,0
Djibouti,2020-01-27,0,0,0,0
Djibouti,2020-01-28,0,0,0,0
Djibouti,2020-01-29,0,0,0,0
Djibouti,2020-01-30,0,0,0,0
Djibouti,2020-01-31,0,0,0,0
Djibouti,2020-02-01,0,0,0,0
Djibouti,2020-02-02,0,0,0,0
Djibouti,2020-02-03,0,0,0,0
Djibouti,2020-02-04,0,0,0,0
Djibouti,2020-02-05,0,0,0,0
Djibouti,2020-02-06,0,0,0,0
Djibouti,2020-02-07,0,0,0,0
Djibouti,2020-02-08,0,0,0,0
Djibouti,2020-02-09,0,0,0,0
Djibouti,2020-02-10,0,0,0,0
Djibouti,2020-02-11,0,0,0,0
Djibouti,2020-02-12,0,0,0,0
Djibouti,2020-02-13,0,0,0,0
Djibouti,2020-02-14,0,0,0,0
Djibouti,2020-02-15,0,0,0,0
Djibouti,2020-02-16,0,0,0,0
Djibouti,2020-02-17,0,0,0,0
Djibouti,2020-02-18,0,0,0,0
Djibouti,2020-02-19,0,0,0,0
Djibouti,2020-02-20,0,0,0,0
Djibouti,2020-02-21,0,0,0,0
Djibouti,2020-02-22,0,0,0,0
Djibouti,2020-02-23,0,0,0,0
Djibouti,2020-02-24,0,0,0,0
Djibouti,2020-02-25,0,0,0,0
Djibouti,2020-02-26,0,0,0,0
Djibouti,2020-02-27,0,0,0,0
Djibouti,2020-02-28,0,0,0,0
Djibouti,2020-02-29,0,0,0,0
Djibouti,2020-03-01,0,0,0,0
Djibouti,2020-03-02,0,0,0,0
Djibouti,2020-03-03,0,0,0,0
Djibouti,2020-03-04,0,0,0,0
Djibouti,2020-03-05,0,0,0,0
Djibouti,2020-03-06,0,0,0,0
Djibouti,2020-03-07,0,0,0,0
Djibouti,2020-03-08,0,0,0,0
Djibouti,2020-03-09,0,0,0,0
Djibouti,2020-03-10,0,0,0,0
Djibouti,2020-03-11,0,0,0,0
Djibouti,2020-03-12,0,0,0,0
Djibouti,2020-03-13,0,0,0,0
Djibouti,2020-03-14,0,0,0,0
Djibouti,2020-03-15,0,0,0,0
Djibouti,2020-03-16,0,0,0,0
Djibouti,2020-03-17,0,0,0,0
Djibouti,2020-03-18,1,0,0,1
Djibouti,2020-03-19,1,0,0,1
Djibouti,2020-03-20,1,0,0,1
Djibouti,2020-03-21,1,0,0,1
Djibouti,2020-03-22,1,0,0,1
Djibouti,2020-03-23,3,0,0,3
Djibouti,2020-03-24,3,0,0,3
Djibouti,2020-03-25,11,0,0,11
Djibouti,2020-03-26,11,0,0,11
Djibouti,2020-03-27,12,0,0,12
Djibouti,2020-03-28,14,0,0,14
Djibouti,2020-03-29,18,0,0,18
Egypt,2020-01-22,0,0,0,0
Egypt,2020-01-23,0,0,0,0
Egypt,2020-01-24,0,0,0,0
Egypt,2020-01-25,0,0,0,0
Egypt,2020-01-26,0,0,0,0
Egypt,2020-01-27,0,0,0,0
Egypt,2020-01-28,0,0,0,0
Egypt,2020-01-29,0,0,0,0
Egypt,2020-01-30,0,0,0,0
Egypt,2020-01-31,0,0,0,0
Egypt,2020-02-01,0,0,0,0
Egypt,2020-02-02,0,0,0,0
Egypt,2020-02-03,0,0,0,0
Egypt,2020-02-04,0,0,0,0
Egypt,2020-02-05,0,0,0,0
Egypt,2020-02-06,0,0,0,0
Egypt,2020-02-07,0,0,0,0
Egypt,2020-02-08,0,0,0,0
Egypt,2020-02-09,0,0,0,0
Egypt,2020-02-10,0,0,0,0
Egypt,2020-02-11,0,0,0,0
Egypt,2020-02-12,0,0,0,0
Egypt,2020-02-13,0,0,0,0
Egypt,2020-02-14,1,0,0,1
Egypt,2020-02-15,1,0,0,1
Egypt,2020-02-16,1,0,0,1
Egypt,2020-02-17,1,0,0,1
Egypt,2020-02-18,1,0,0,1
Egypt,2020-02-19,1,0,0,1
Egypt,2020-02-20,1,0,0,1
Egypt,2020-02-21,1,0,0,1
Egypt,2020-02-22,1,0,0,1
Egypt,2020-02-23,1,0,0,1
Egypt,2020-02-24,1,0,0,1
Egypt,2020-02-25,1,0,0,1
Egypt,2020-02-26,1,0,0,1
Egypt,2020-02-27,1,0,0,1
Egypt,2020-02-28,1,0,1,0
Egypt,2020-02-29,1,0,1,0
Egypt,2020-03-01,2,0,1,1
Egypt,2020-03-02,2,0,1,1
Egypt,2020-03-03,2,0,1,1
Egypt,2020-03-04,2,0,1,1
Egypt,2020-03-05,3,0,1,2
Egypt,2020-03-06,15,0,1,14
Egypt,2020-03-07,15,0,1,14
Egypt,2020-03-08,49,1,1,47
Egypt,2020-03-09,55,1,12,42
Egypt,2020-03-10,59,1,1,57
Egypt,2020-03-11,60,1,27,32
Egypt,2020-03-12,67,1,27,39
Egypt,2020-03-13,80,2,27,51
Egypt,2020-03-14,109,2,27,80
Egypt,2020-03-15,110,2,21,87
Egypt,2020-03-16,150,2,27,121
Egypt,2020-03-17,196,4,32,160
Egypt,2020-03-18,196,6,32,158
Egypt,2020-03-19,256,6,32,218
Egypt,2020-03-20,285,8,39,238
Egypt,2020-03-21,294,10,41,243
Egypt,2020-03-22,327,14,56,257
Egypt,2020-03-23,366,19,68,279
Egypt,2020-03-24,402,20,80,302
Egypt,2020-03-25,456,21,95,340
Egypt,2020-03-26,495,24,102,369
Egypt,2020-03-27,536,30,116,390
Egypt,2020-03-28,576,36,121,419
Egypt,2020-03-29,609,40,132,437
Equatorial Guinea,2020-01-22,0,0,0,0
Equatorial Guinea,2020-01-23,0,0,0,0
Equatorial Guinea,2020-01-24,0,0,0,0
Equatorial Guinea,2020-01-25,0,0,0,0
Equatorial Guinea,2020-01-26,0,0,0,0
Equatorial Guinea,2020-01-27,0,0,0,0
Equatorial Guinea,2020-01-28,0,0,0,0
Equatorial Guinea,2020-01-29,0,0,0,0
Equatorial Guinea,2020-01-30,0,0,0,0
Equatorial Guinea,2020-01-31,0,0,0,0
Equatorial Guinea,2020-02-01,0,0,0,0
Equatorial Guinea,2020-02-02,0,0,0,0
Equatorial Guinea,2020-02-03,0,0,0,0
Equatorial Guinea,2020-02-04,0,0,0,0
Equatorial Guinea,2020-02-05,0,0,0,0
Equatorial Guinea,2020-02-06,0,0,0,0
Equatorial Guinea,2020-02-07,0,0,0,0
Equatorial Guinea,2020-02-08,0,0,0,0
Equatorial Guinea,2020-02-09,0,0,0,0
Equatorial Guinea,2020-02-10,0,0,0,0
Equatorial Guinea,2020-02-11,0,0,0,0
Equatorial Guinea,2020-02-12,0,0,0,0
Equatorial Guinea,2020-02-13,0,0,0,0
Equatorial Guinea,2020-02-14,0,0,0,0
Equatorial Guinea,2020-02-15,0,0,0,0
Equatorial Guinea,2020-02-16,0,0,0,0
Equatorial Guinea,2020-02-17,0,0,0,0
Equatorial Guinea,2020-02-18,0,0,0,0
Equatorial Guinea,2020-02-19,0,0,0,0
Equatorial Guinea,2020-02-20,0,0,0,0
Equatorial Guinea,2020-02-21,0,0,0,0
Equatorial Guinea,2020-02-22,0,0,0,0
Equatorial Guinea,2020-02-23,0,0,0,0
Equatorial Guinea,2020-02-24,0,0,0,0
Equatorial Guinea,2020-02-25,0,0,0,0
Equatorial Guinea,2020-02-26,0,0,0,0
Equatorial Guinea,2020-02-27,0,0,0,0
Equatorial Guinea,2020-02-28,0,0,0,0
Equatorial Guinea,2020-02-29,0,0,0,0
Equatorial Guinea,2020-03-01,0,0,0,0
Equatorial Guinea,2020-03-02,0,0,0,0
Equatorial Guinea,2020-03-03,0,0,0,0
Equatorial Guinea,2020-03-04,0,0,0,0
Equatorial Guinea,2020-03-05,0,0,0,0
Equatorial Guinea,2020-03-06,0,0,0,0
Equatorial Guinea,2020-03-07,0,0,0,0
Equatorial Guinea,2020-03-08,0,0,0,0
Equatorial Guinea,2020-03-09,0,0,0,0
Equatorial Guinea,2020-03-10,0,0,0,0
Equatorial Guinea,2020-03-11,0,0,0,0
Equatorial Guinea,2020-03-12,0,0,0,0
Equatorial Guinea,2020-03-13,0,0,0,0
Equatorial Guinea,2020-03-14,0,0,0,0
Equatorial Guinea,2020-03-15,1,0,0,1
Equatorial Guinea,2020-03-16,1,0,0,1
Equatorial Guinea,2020-03-17,1,0,0,1
Equatorial Guinea,2020-03-18,4,0,0,4
Equatorial Guinea,2020-03-19,6,0,0,6
Equatorial Guinea,2020-03-20,6,0,0,6
Equatorial Guinea,2020-03-21,6,0,0,6
Equatorial Guinea,2020-03-22,6,0,0,6
Equatorial Guinea,2020-03-23,9,0,0,9
Equatorial Guinea,2020-03-24,9,0,0,9
Equatorial Guinea,2020-03-25,9,0,0,9
Equatorial Guinea,2020-03-26,12,0,0,12
Equatorial Guinea,2020-03-27,12,0,0,12
Equatorial Guinea,2020-03-28,12,0,0,12
Equatorial Guinea,2020-03-29,12,0,0,12
Eritrea,2020-01-22,0,0,0,0
Eritrea,2020-01-23,0,0,0,0
Eritrea,2020-01-24,0,0,0,0
Eritrea,2020-01-25,0,0,0,0
Eritrea,2020-01-26,0,0,0,0
Eritrea,2020-01-27,0,0,0,0
Eritrea,2020-01-28,0,0,0,0
Eritrea,2020-01-29,0,0,0,0
Eritrea,2020-01-30,0,0,0,0
Eritrea,2020-01-31,0,0,0,0
Eritrea,2020-02-01,0,0,0,0
Eritrea,2020-02-02,0,0,0,0
Eritrea,2020-02-03,0,0,0,0
Eritrea,2020-02-04,0,0,0,0
Eritrea,2020-02-05,0,0,0,0
Eritrea,2020-02-06,0,0,0,0
Eritrea,2020-02-07,0,0,0,0
Eritrea,2020-02-08,0,0,0,0
Eritrea,2020-02-09,0,0,0,0
Eritrea,2020-02-10,0,0,0,0
Eritrea,2020-02-11,0,0,0,0
Eritrea,2020-02-12,0,0,0,0
Eritrea,2020-02-13,0,0,0,0
Eritrea,2020-02-14,0,0,0,0
Eritrea,2020-02-15,0,0,0,0
Eritrea,2020-02-16,0,0,0,0
Eritrea,2020-02-17,0,0,0,0
Eritrea,2020-02-18,0,0,0,0
Eritrea,2020-02-19,0,0,0,0
Eritrea,2020-02-20,0,0,0,0
Eritrea,2020-02-21,0,0,0,0
Eritrea,2020-02-22,0,0,0,0
Eritrea,2020-02-23,0,0,0,0
Eritrea,2020-02-24,0,0,0,0
Eritrea,2020-02-25,0,0,0,0
Eritrea,2020-02-26,0,0,0,0
Eritrea,2020-02-27,0,0,0,0
Eritrea,2020-02-28,0,0,0,0
Eritrea,2020-02-29,0,0,0,0
Eritrea,2020-03-01,0,0,0,0
Eritrea,2020-03-02,0,0,0,0
Eritrea,2020-03-03,0,0,0,0
Eritrea,2020-03-04,0,0,0,0
Eritrea,2020-03-05,0,0,0,0
Eritrea,2020-03-06,0,0,0,0
Eritrea,2020-03-07,0,0,0,0
Eritrea,2020-03-08,0,0,0,0
Eritrea,2020-03-09,0,0,0,0
Eritrea,2020-03-10,0,0,0,0
Eritrea,2020-03-11,0,0,0,0
Eritrea,2020-03-12,0,0,0,0
Eritrea,2020-03-13,0,0,0,0
Eritrea,2020-03-14,0,0,0,0
Eritrea,2020-03-15,0,0,0,0
Eritrea,2020-03-16,0,0,0,0
Eritrea,2020-03-17,0,0,0,0
Eritrea,2020-03-18,0,0,0,0
Eritrea,2020-03-19,0,0,0,0
Eritrea,2020-03-20,0,0,0,0
Eritrea,2020-03-21,1,0,0,1
Eritrea,2020-03-22,1,0,0,1
Eritrea,2020-03-23,1,0,0,1
Eritrea,2020-03-24,1,0,0,1
Eritrea,2020-03-25,4,0,0,4
Eritrea,2020-03-26,6,0,0,6
Eritrea,2020-03-27,6,0,0,6
Eritrea,2020-03-28,6,0,0,6
Eritrea,2020-03-29,12,0,0,12
Eswatini,2020-01-22,0,0,0,0
Eswatini,2020-01-23,0,0,0,0
Eswatini,2020-01-24,0,0,0,0
Eswatini,2020-01-25,0,0,0,0
Eswatini,2020-01-26,0,0,0,0
Eswatini,2020-01-27,0,0,0,0
Eswatini,2020-01-28,0,0,0,0
Eswatini,2020-01-29,0,0,0,0
Eswatini,2020-01-30,0,0,0,0
Eswatini,2020-01-31,0,0,0,0
Eswatini,2020-02-01,0,0,0,0
Eswatini,2020-02-02,0,0,0,0
Eswatini,2020-02-03,0,0,0,0
Eswatini,2020-02-04,0,0,0,0
Eswatini,2020-02-05,0,0,0,0
Eswatini,2020-02-06,0,0,0,0
Eswatini,2020-02-07,0,0,0,0
Eswatini,2020-02-08,0,0,0,0
Eswatini,2020-02-09,0,0,0,0
Eswatini,2020-02-10,0,0,0,0
Eswatini,2020-02-11,0,0,0,0
Eswatini,2020-02-12,0,0,0,0
Eswatini,2020-02-13,0,0,0,0
Eswatini,2020-02-14,0,0,0,0
Eswatini,2020-02-15,0,0,0,0
Eswatini,2020-02-16,0,0,0,0
Eswatini,2020-02-17,0,0,0,0
Eswatini,2020-02-18,0,0,0,0
Eswatini,2020-02-19,0,0,0,0
Eswatini,2020-02-20,0,0,0,0
Eswatini,2020-02-21,0,0,0,0
Eswatini,2020-02-22,0,0,0,0
Eswatini,2020-02-23,0,0,0,0
Eswatini,2020-02-24,0,0,0,0
Eswatini,2020-02-25,0,0,0,0
Eswatini,2020-02-26,0,0,0,0
Eswatini,2020-02-27,0,0,0,0
Eswatini,2020-02-28,0,0,0,0
Eswatini,2020-02-29,0,0,0,0
Eswatini,2020-03-01,0,0,0,0
Eswatini,2020-03-02,0,0,0,0
Eswatini,2020-03-03,0,0,0,0
Eswatini,2020-03-04,0,0,0,0
Eswatini,2020-03-05,0,0,0,0
Eswatini,2020-03-06,0,0,0,0
Eswatini,2020-03-07,0,0,0,0
Eswatini,2020-03-08,0,0,0,0
Eswatini,2020-03-09,0,0,0,0
Eswatini,2020-03-10,0,0,0,0
Eswatini,2020-03-11,0,0,0,0
Eswatini,2020-03-12,0,0,0,0
Eswatini,2020-03-13,0,0,0,0
Eswatini,2020-03-14,1,0,0,1
Eswatini,2020-03-15,1,0,0,1
Eswatini,2020-03-16,1,0,0,1
Eswatini,2020-03-17,1,0,0,1
Eswatini,2020-03-18,1,0,0,1
Eswatini,2020-03-19,1,0,0,1
Eswatini,2020-03-20,1,0,0,1
Eswatini,2020-03-21,1,0,0,1
Eswatini,2020-03-22,4,0,0,4
Eswatini,2020-03-23,4,0,0,4
Eswatini,2020-03-24,4,0,0,4
Eswatini,2020-03-25,4,0,0,4
Eswatini,2020-03-26,6,0,0,6
Eswatini,2020-03-27,9,0,0,9
Eswatini,2020-03-28,9,0,0,9
Eswatini,2020-03-29,9,0,0,9
Ethiopia,2020-01-22,0,0,0,0
Ethiopia,2020-01-23,0,0,0,0
Ethiopia,2020-01-24,0,0,0,0
Ethiopia,2020-01-25,0,0,0,0
Ethiopia,2020-01-26,0,0,0,0
Ethiopia,2020-01-27,0,0,0,0
Ethiopia,2020-01-28,0,0,0,0
Ethiopia,2020-01-29,0,0,0,0
Ethiopia,2020-01-30,0,0,0,0
Ethiopia,2020-01-31,0,0,0,0
Ethiopia,2020-02-01,0,0,0,0
Ethiopia,2020-02-02,0,0,0,0
Ethiopia,2020-02-03,0,0,0,0
Ethiopia,2020-02-04,0,0,0,0
Ethiopia,2020-02-05,0,0,0,0
Ethiopia,2020-02-06,0,0,0,0
Ethiopia,2020-02-07,0,0,0,0
Ethiopia,2020-02-08,0,0,0,0
Ethiopia,2020-02-09,0,0,0,0
Ethiopia,2020-02-10,0,0,0,0
Ethiopia,2020-02-11,0,0,0,0
Ethiopia,2020-02-12,0,0,0,0
Ethiopia,2020-02-13,0,0,0,0
Ethiopia,2020-02-14,0,0,0,0
Ethiopia,2020-02-15,0,0,0,0
Ethiopia,2020-02-16,0,0,0,0
Ethiopia,2020-02-17,0,0,0,0
Ethiopia,2020-02-18,0,0,0,0
Ethiopia,2020-02-19,0,0,0,0
Ethiopia,2020-02-20,0,0,0,0
Ethiopia,2020-02-21,0,0,0,0
Ethiopia,2020-02-22,0,0,0,0
Ethiopia,2020-02-23,0,0,0,0
Ethiopia,2020-02-24,0,0,0,0
Ethiopia,2020-02-25,0,0,0,0
Ethiopia,2020-02-26,0,0,0,0
Ethiopia,2020-02-27,0,0,0,0
Ethiopia,2020-02-28,0,0,0,0
Ethiopia,2020-02-29,0,0,0,0
Ethiopia,2020-03-01,0,0,0,0
Ethiopia,2020-03-02,0,0,0,0
Ethiopia,2020-03-03,0,0,0,0
Ethiopia,2020-03-04,0,0,0,0
Ethiopia,2020-03-05,0,0,0,0
Ethiopia,2020-03-06,0,0,0,0
Ethiopia,2020-03-07,0,0,0,0
Ethiopia,2020-03-08,0,0,0,0
Ethiopia,2020-03-09,0,0,0,0
Ethiopia,2020-03-10,0,0,0,0
Ethiopia,2020-03-11,0,0,0,0
Ethiopia,2020-03-12,0,0,0,0
Ethiopia,2020-03-13,1,0,0,1
Ethiopia,2020-03-14,1,0,0,1
Ethiopia,2020-03-15,1,0,0,1
Ethiopia,2020-03-16,5,0,0,5
Ethiopia,2020-03-17,5,0,0,5
Ethiopia,2020-03-18,6,0,0,6
Ethiopia,2020-03-19,6,0,0,6
Ethiopia,2020-03-20,9,0,0,9
Ethiopia,2020-03-21,9,0,0,9
Ethiopia,2020-03-22,11,0,0,11
Ethiopia,2020-03-23,11,0,0,11
Ethiopia,2020-03-24,12,0,0,12
Ethiopia,2020-03-25,12,0,0,12
Ethiopia,2020-03-26,12,0,0,12
Ethiopia,2020-03-27,16,0,0,16
Ethiopia,2020-03-28,16,0,1,15
Ethiopia,2020-03-29,21,0,1,20
Gabon,2020-01-22,0,0,0,0
Gabon,2020-01-23,0,0,0,0
Gabon,2020-01-24,0,0,0,0
Gabon,2020-01-25,0,0,0,0
Gabon,2020-01-26,0,0,0,0
Gabon,2020-01-27,0,0,0,0
Gabon,2020-01-28,0,0,0,0
Gabon,2020-01-29,0,0,0,0
Gabon,2020-01-30,0,0,0,0
Gabon,2020-01-31,0,0,0,0
Gabon,2020-02-01,0,0,0,0
Gabon,2020-02-02,0,0,0,0
Gabon,2020-02-03,0,0,0,0
Gabon,2020-02-04,0,0,0,0
Gabon,2020-02-05,0,0,0,0
Gabon,2020-02-06,0,0,0,0
Gabon,2020-02-07,0,0,0,0
Gabon,2020-02-08,0,0,0,0
Gabon,2020-02-09,0,0,0,0
Gabon,2020-02-10,0,0,0,0
Gabon,2020-02-11,0,0,0,0
Gabon,2020-02-12,0,0,0,0
Gabon,2020-02-13,0,0,0,0
Gabon,2020-02-14,0,0,0,0
Gabon,2020-02-15,0,0,0,0
Gabon,2020-02-16,0,0,0,0
Gabon,2020-02-17,0,0,0,0
Gabon,2020-02-18,0,0,0,0
Gabon,2020-02-19,0,0,0,0
Gabon,2020-02-20,0,0,0,0
Gabon,2020-02-21,0,0,0,0
Gabon,2020-02-22,0,0,0,0
Gabon,2020-02-23,0,0,0,0
Gabon,2020-02-24,0,0,0,0
Gabon,2020-02-25,0,0,0,0
Gabon,2020-02-26,0,0,0,0
Gabon,2020-02-27,0,0,0,0
Gabon,2020-02-28,0,0,0,0
Gabon,2020-02-29,0,0,0,0
Gabon,2020-03-01,0,0,0,0
Gabon,2020-03-02,0,0,0,0
Gabon,2020-03-03,0,0,0,0
Gabon,2020-03-04,0,0,0,0
Gabon,2020-03-05,0,0,0,0
Gabon,2020-03-06,0,0,0,0
Gabon,2020-03-07,0,0,0,0
Gabon,2020-03-08,0,0,0,0
Gabon,2020-03-09,0,0,0,0
Gabon,2020-03-10,0,0,0,0
Gabon,2020-03-11,0,0,0,0
Gabon,2020-03-12,0,0,0,0
Gabon,2020-03-13,0,0,0,0
Gabon,2020-03-14,1,0,0,1
Gabon,2020-03-15,1,0,0,1
Gabon,2020-03-16,1,0,0,1
Gabon,2020-03-17,1,0,0,1
Gabon,2020-03-18,1,0,0,1
Gabon,2020-03-19,1,0,0,1
Gabon,2020-03-20,3,1,0,2
Gabon,2020-03-21,4,1,0,3
Gabon,2020-03-22,5,1,0,4
Gabon,2020-03-23,5,1,0,4
Gabon,2020-03-24,6,1,0,5
Gabon,2020-03-25,6,1,0,5
Gabon,2020-03-26,7,1,0,6
Gabon,2020-03-27,7,1,0,6
Gabon,2020-03-28,7,1,0,6
Gabon,2020-03-29,7,1,0,6
Gambia,2020-01-22,0,0,0,0
Gambia,2020-01-23,0,0,0,0
Gambia,2020-01-24,0,0,0,0
Gambia,2020-01-25,0,0,0,0
Gambia,2020-01-26,0,0,0,0
Gambia,2020-01-27,0,0,0,0
Gambia,2020-01-28,0,0,0,0
Gambia,2020-01-29,0,0,0,0
Gambia,2020-01-30,0,0,0,0
Gambia,2020-01-31,0,0,0,0
Gambia,2020-02-01,0,0,0,0
Gambia,2020-02-02,0,0,0,0
Gambia,2020-02-03,0,0,0,0
Gambia,2020-02-04,0,0,0,0
Gambia,2020-02-05,0,0,0,0
Gambia,2020-02-06,0,0,0,0
Gambia,2020-02-07,0,0,0,0
Gambia,2020-02-08,0,0,0,0
Gambia,2020-02-09,0,0,0,0
Gambia,2020-02-10,0,0,0,0
Gambia,2020-02-11,0,0,0,0
Gambia,2020-02-12,0,0,0,0
Gambia,2020-02-13,0,0,0,0
Gambia,2020-02-14,0,0,0,0
Gambia,2020-02-15,0,0,0,0
Gambia,2020-02-16,0,0,0,0
Gambia,2020-02-17,0,0,0,0
Gambia,2020-02-18,0,0,0,0
Gambia,2020-02-19,0,0,0,0
Gambia,2020-02-20,0,0,0,0
Gambia,2020-02-21,0,0,0,0
Gambia,2020-02-22,0,0,0,0
Gambia,2020-02-23,0,0,0,0
Gambia,2020-02-24,0,0,0,0
Gambia,2020-02-25,0,0,0,0
Gambia,2020-02-26,0,0,0,0
Gambia,2020-02-27,0,0,0,0
Gambia,2020-02-28,0,0,0,0
Gambia,2020-02-29,0,0,0,0
Gambia,2020-03-01,0,0,0,0
Gambia,2020-03-02,0,0,0,0
Gambia,2020-03-03,0,0,0,0
Gambia,2020-03-04,0,0,0,0
Gambia,2020-03-05,0,0,0,0
Gambia,2020-03-06,0,0,0,0
Gambia,2020-03-07,0,0,0,0
Gambia,2020-03-08,0,0,0,0
Gambia,2020-03-09,0,0,0,0
Gambia,2020-03-10,0,0,0,0
Gambia,2020-03-11,0,0,0,0
Gambia,2020-03-12,0,0,0,0
Gambia,2020-03-13,0,0,0,0
Gambia,2020-03-14,0,0,0,0
Gambia,2020-03-15,0,0,0,0
Gambia,2020-03-16,0,0,0,0
Gambia,2020-03-17,0,0,0,0
Gambia,2020-03-18,0,0,0,0
Gambia,2020-03-19,0,0,0,0
Gambia,2020-03-20,0,0,0,0
Gambia,2020-03-21,0,0,0,0
Gambia,2020-03-22,1,0,0,1
Gambia,2020-03-23,2,1,0,1
Gambia,2020-03-24,3,1,0,2
Gambia,2020-03-25,3,1,0,2
Gambia,2020-03-26,3,1,0,2
Gambia,2020-03-27,3,1,0,2
Gambia,2020-03-28,3,1,0,2
Gambia,2020-03-29,4,1,0,3
"Gambia, The",2020-01-22,0,0,0,0
"Gambia, The",2020-01-23,0,0,0,0
"Gambia, The",2020-01-24,0,0,0,0
"Gambia, The",2020-01-25,0,0,0,0
"Gambia, The",2020-01-26,0,0,0,0
"Gambia, The",2020-01-27,0,0,0,0
"Gambia, The",2020-01-28,0,0,0,0
"Gambia, The",2020-01-29,0,0,0,0
"Gambia, The",2020-01-30,0,0,0,0
"Gambia, The",2020-01-31,0,0,0,0
"Gambia, The",2020-02-01,0,0,0,0
"Gambia, The",2020-02-02,0,0,0,0
"Gambia, The",2020-02-03,0,0,0,0
"Gambia, The",2020-02-04,0,0,0,0
"Gambia, The",2020-02-05,0,0,0,0
"Gambia, The",2020-02-06,0,0,0,0
"Gambia, The",2020-02-07,0,0,0,0
"Gambia, The",2020-02-08,0,0,0,0
"Gambia, The",2020-02-09,0,0,0,0
"Gambia, The",2020-02-10,0,0,0,0
"Gambia, The",2020-02-11,0,0,0,0
"Gambia, The",2020-02-12,0,0,0,0
"Gambia, The",2020-02-13,0,0,0,0
"Gambia, The",2020-02-14,0,0,0,0
"Gambia, The",2020-02-15,0,0,0,0
"Gambia, The",2020-02-16,0,0,0,0
"Gambia, The",2020-02-17,0,0,0,0
"Gambia, The",2020-02-18,0,0,0,0
"Gambia, The",2020-02-19,0,0,0,0
"Gambia, The",2020-02-20,0,0,0,0
"Gambia, The",2020-02-21,0,0,0,0
"Gambia, The",2020-02-22,0,0,0,0
"Gambia, The",2020-02-23,0,0,0,0
"Gambia, The",2020-02-24,0,0,0,0
"Gambia, The",2020-02-25,0,0,0,0
"Gambia, The",2020-02-26,0,0,0,0
"Gambia, The",2020-02-27,0,0,0,0
"Gambia, The",2020-02-28,0,0,0,0
"Gambia, The",2020-02-29,0,0,0,0
"Gambia, The",2020-03-01,0,0,0,0
"Gambia, The",2020-03-02,0,0,0,0
"Gambia, The",2020-03-03,0,0,0,0
"Gambia, The",2020-03-04,0,0,0,0
"Gambia, The",2020-03-05,0,0,0,0
"Gambia, The",2020-03-06,0,0,0,0
"Gambia, The",2020-03-07,0,0,0,0
"Gambia, The",2020-03-08,0,0,0,0
"Gambia, The",2020-03-09,0,0,0,0
"Gambia, The",2020-03-10,0,0,0,0
"Gambia, The",2020-03-11,0,0,0,0
"Gambia, The",2020-03-12,0,0,0,0
"Gambia, The",2020-03-13,0,0,0,0
"Gambia, The",2020-03-14,0,0,0,0
"Gambia, The",2020-03-15,0,0,0,0
"Gambia, The",2020-03-16,0,0,0,0
"Gambia, The",2020-03-17,0,0,0,0
"Gambia, The",2020-03-18,1,0,0,1
"Gambia, The",2020-03-19,1,0,0,1
"Gambia, The",2020-03-20,1,0,0,1
"Gambia, The",2020-03-21,1,0,0,1
"Gambia, The",2020-03-22,0,0,0,0
"Gambia, The",2020-03-23,0,0,0,0
"Gambia, The",2020-03-24,0,0,0,0
"Gambia, The",2020-03-25,0,0,0,0
"Gambia, The",2020-03-26,0,0,0,0
"Gambia, The",2020-03-27,0,0,0,0
"Gambia, The",2020-03-28,0,0,0,0
"Gambia, The",2020-03-29,0,0,0,0
Ghana,2020-01-22,0,0,0,0
Ghana,2020-01-23,0,0,0,0
Ghana,2020-01-24,0,0,0,0
Ghana,2020-01-25,0,0,0,0
Ghana,2020-01-26,0,0,0,0
Ghana,2020-01-27,0,0,0,0
Ghana,2020-01-28,0,0,0,0
Ghana,2020-01-29,0,0,0,0
Ghana,2020-01-30,0,0,0,0
Ghana,2020-01-31,0,0,0,0
Ghana,2020-02-01,0,0,0,0
Ghana,2020-02-02,0,0,0,0
Ghana,2020-02-03,0,0,0,0
Ghana,2020-02-04,0,0,0,0
Ghana,2020-02-05,0,0,0,0
Ghana,2020-02-06,0,0,0,0
Ghana,2020-02-07,0,0,0,0
Ghana,2020-02-08,0,0,0,0
Ghana,2020-02-09,0,0,0,0
Ghana,2020-02-10,0,0,0,0
Ghana,2020-02-11,0,0,0,0
Ghana,2020-02-12,0,0,0,0
Ghana,2020-02-13,0,0,0,0
Ghana,2020-02-14,0,0,0,0
Ghana,2020-02-15,0,0,0,0
Ghana,2020-02-16,0,0,0,0
Ghana,2020-02-17,0,0,0,0
Ghana,2020-02-18,0,0,0,0
Ghana,2020-02-19,0,0,0,0
Ghana,2020-02-20,0,0,0,0
Ghana,2020-02-21,0,0,0,0
Ghana,2020-02-22,0,0,0,0
Ghana,2020-02-23,0,0,0,0
Ghana,2020-02-24,0,0,0,0
Ghana,2020-02-25,0,0,0,0
Ghana,2020-02-26,0,0,0,0
Ghana,2020-02-27,0,0,0,0
Ghana,2020-02-28,0,0,0,0
Ghana,2020-02-29,0,0,0,0
Ghana,2020-03-01,0,0,0,0
Ghana,2020-03-02,0,0,0,0
Ghana,2020-03-03,0,0,0,0
Ghana,2020-03-04,0,0,0,0
Ghana,2020-03-05,0,0,0,0
Ghana,2020-03-06,0,0,0,0
Ghana,2020-03-07,0,0,0,0
Ghana,2020-03-08,0,0,0,0
Ghana,2020-03-09,0,0,0,0
Ghana,2020-03-10,0,0,0,0
Ghana,2020-03-11,0,0,0,0
Ghana,2020-03-12,0,0,0,0
Ghana,2020-03-13,0,0,0,0
Ghana,2020-03-14,3,0,0,3
Ghana,2020-03-15,6,0,0,6
Ghana,2020-03-16,6,0,0,6
Ghana,2020-03-17,7,0,0,7
Ghana,2020-03-18,7,0,0,7
Ghana,2020-03-19,11,0,0,11
Ghana,2020-03-20,16,0,0,16
Ghana,2020-03-21,19,1,0,18
Ghana,2020-03-22,23,1,0,22
Ghana,2020-03-23,27,2,0,25
Ghana,2020-03-24,53,2,0,51
Ghana,2020-03-25,93,4,0,89
Ghana,2020-03-26,132,4,1,127
Ghana,2020-03-27,137,4,2,131
Ghana,2020-03-28,141,5,2,134
Ghana,2020-03-29,152,5,2,145
Guinea,2020-01-22,0,0,0,0
Guinea,2020-01-23,0,0,0,0
Guinea,2020-01-24,0,0,0,0
Guinea,2020-01-25,0,0,0,0
Guinea,2020-01-26,0,0,0,0
Guinea,2020-01-27,0,0,0,0
Guinea,2020-01-28,0,0,0,0
Guinea,2020-01-29,0,0,0,0
Guinea,2020-01-30,0,0,0,0
Guinea,2020-01-31,0,0,0,0
Guinea,2020-02-01,0,0,0,0
Guinea,2020-02-02,0,0,0,0
Guinea,2020-02-03,0,0,0,0
Guinea,2020-02-04,0,0,0,0
Guinea,2020-02-05,0,0,0,0
Guinea,2020-02-06,0,0,0,0
Guinea,2020-02-07,0,0,0,0
Guinea,2020-02-08,0,0,0,0
Guinea,2020-02-09,0,0,0,0
Guinea,2020-02-10,0,0,0,0
Guinea,2020-02-11,0,0,0,0
Guinea,2020-02-12,0,0,0,0
Guinea,2020-02-13,0,0,0,0
Guinea,2020-02-14,0,0,0,0
Guinea,2020-02-15,0,0,0,0
Guinea,2020-02-16,0,0,0,0
Guinea,2020-02-17,0,0,0,0
Guinea,2020-02-18,0,0,0,0
Guinea,2020-02-19,0,0,0,0
Guinea,2020-02-20,0,0,0,0
Guinea,2020-02-21,0,0,0,0
Guinea,2020-02-22,0,0,0,0
Guinea,2020-02-23,0,0,0,0
Guinea,2020-02-24,0,0,0,0
Guinea,2020-02-25,0,0,0,0
Guinea,2020-02-26,0,0,0,0
Guinea,2020-02-27,0,0,0,0
Guinea,2020-02-28,0,0,0,0
Guinea,2020-02-29,0,0,0,0
Guinea,2020-03-01,0,0,0,0
Guinea,2020-03-02,0,0,0,0
Guinea,2020-03-03,0,0,0,0
Guinea,2020-03-04,0,0,0,0
Guinea,2020-03-05,0,0,0,0
Guinea,2020-03-06,0,0,0,0
Guinea,2020-03-07,0,0,0,0
Guinea,2020-03-08,0,0,0,0
Guinea,2020-03-09,0,0,0,0
Guinea,2020-03-10,0,0,0,0
Guinea,2020-03-11,0,0,0,0
Guinea,2020-03-12,0,0,0,0
Guinea,2020-03-13,1,0,0,1
Guinea,2020-03-14,1,0,0,1
Guinea,2020-03-15,1,0,0,1
Guinea,2020-03-16,1,0,0,1
Guinea,2020-03-17,1,0,0,1
Guinea,2020-03-18,1,0,0,1
Guinea,2020-03-19,1,0,0,1
Guinea,2020-03-20,1,0,0,1
Guinea,2020-03-21,2,0,0,2
Guinea,2020-03-22,2,0,0,2
Guinea,2020-03-23,4,0,0,4
Guinea,2020-03-24,4,0,0,4
Guinea,2020-03-25,4,0,0,4
Guinea,2020-03-26,4,0,0,4
Guinea,2020-03-27,8,0,0,8
Guinea,2020-03-28,8,0,0,8
Guinea,2020-03-29,16,0,0,16
Guinea-Bissau,2020-01-22,0,0,0,0
Guinea-Bissau,2020-01-23,0,0,0,0
Guinea-Bissau,2020-01-24,0,0,0,0
Guinea-Bissau,2020-01-25,0,0,0,0
Guinea-Bissau,2020-01-26,0,0,0,0
Guinea-Bissau,2020-01-27,0,0,0,0
Guinea-Bissau,2020-01-28,0,0,0,0
Guinea-Bissau,2020-01-29,0,0,0,0
Guinea-Bissau,2020-01-30,0,0,0,0
Guinea-Bissau,2020-01-31,0,0,0,0
Guinea-Bissau,2020-02-01,0,0,0,0
Guinea-Bissau,2020-02-02,0,0,0,0
Guinea-Bissau,2020-02-03,0,0,0,0
Guinea-Bissau,2020-02-04,0,0,0,0
Guinea-Bissau,2020-02-05,0,0,0,0
Guinea-Bissau,2020-02-06,0,0,0,0
Guinea-Bissau,2020-02-07,0,0,0,0
Guinea-Bissau,2020-02-08,0,0,0,0
Guinea-Bissau,2020-02-09,0,0,0,0
Guinea-Bissau,2020-02-10,0,0,0,0
Guinea-Bissau,2020-02-11,0,0,0,0
Guinea-Bissau,2020-02-12,0,0,0,0
Guinea-Bissau,2020-02-13,0,0,0,0
Guinea-Bissau,2020-02-14,0,0,0,0
Guinea-Bissau,2020-02-15,0,0,0,0
Guinea-Bissau,2020-02-16,0,0,0,0
Guinea-Bissau,2020-02-17,0,0,0,0
Guinea-Bissau,2020-02-18,0,0,0,0
Guinea-Bissau,2020-02-19,0,0,0,0
Guinea-Bissau,2020-02-20,0,0,0,0
Guinea-Bissau,2020-02-21,0,0,0,0
Guinea-Bissau,2020-02-22,0,0,0,0
Guinea-Bissau,2020-02-23,0,0,0,0
Guinea-Bissau,2020-02-24,0,0,0,0
Guinea-Bissau,2020-02-25,0,0,0,0
Guinea-Bissau,2020-02-26,0,0,0,0
Guinea-Bissau,2020-02-27,0,0,0,0
Guinea-Bissau,2020-02-28,0,0,0,0
Guinea-Bissau,2020-02-29,0,0,0,0
Guinea-Bissau,2020-03-01,0,0,0,0
Guinea-Bissau,2020-03-02,0,0,0,0
Guinea-Bissau,2020-03-03,0,0,0,0
Guinea-Bissau,2020-03-04,0,0,0,0
Guinea-Bissau,2020-03-05,0,0,0,0
Guinea-Bissau,2020-03-06,0,0,0,0
Guinea-Bissau,2020-03-07,0,0,0,0
Guinea-Bissau,2020-03-08,0,0,0,0
Guinea-Bissau,2020-03-09,0,0,0,0
Guinea-Bissau,2020-03-10,0,0,0,0
Guinea-Bissau,2020-03-11,0,0,0,0
Guinea-Bissau,2020-03-12,0,0,0,0
Guinea-Bissau,2020-03-13,0,0,0,0
Guinea-Bissau,2020-03-14,0,0,0,0
Guinea-Bissau,2020-03-15,0,0,0,0
Guinea-Bissau,2020-03-16,0,0,0,0
Guinea-Bissau,2020-03-17,0,0,0,0
Guinea-Bissau,2020-03-18,0,0,0,0
Guinea-Bissau,2020-03-19,0,0,0,0
Guinea-Bissau,2020-03-20,0,0,0,0
Guinea-Bissau,2020-03-21,0,0,0,0
Guinea-Bissau,2020-03-22,0,0,0,0
Guinea-Bissau,2020-03-23,0,0,0,0
Guinea-Bissau,2020-03-24,0,0,0,0
Guinea-Bissau,2020-03-25,2,0,0,2
Guinea-Bissau,2020-03-26,2,0,0,2
Guinea-Bissau,2020-03-27,2,0,0,2
Guinea-Bissau,2020-03-28,2,0,0,2
Guinea-Bissau,2020-03-29,2,0,0,2
Kenya,2020-01-22,0,0,0,0
Kenya,2020-01-23,0,0,0,0
Kenya,2020-01-24,0,0,0,0
Kenya,2020-01-25,0,0,0,0
Kenya,2020-01-26,0,0,0,0
Kenya,2020-01-27,0,0,0,0
Kenya,2020-01-28,0,0,0,0
Kenya,2020-01-29,0,0,0,0
Kenya,2020-01-30,0,0,0,0
Kenya,2020-01-31,0,0,0,0
Kenya,2020-02-01,0,0,0,0
Kenya,2020-02-02,0,0,0,0
Kenya,2020-02-03,0,0,0,0
Kenya,2020-02-04,0,0,0,0
Kenya,2020-02-05,0,0,0,0
Kenya,2020-02-06,0,0,0,0
Kenya,2020-02-07,0,0,0,0
Kenya,2020-02-08,0,0,0,0
Kenya,2020-02-09,0,0,0,0
Kenya,2020-02-10,0,0,0,0
Kenya,2020-02-11,0,0,0,0
Kenya,2020-02-12,0,0,0,0
Kenya,2020-02-13,0,0,0,0
Kenya,2020-02-14,0,0,0,0
Kenya,2020-02-15,0,0,0,0
Kenya,2020-02-16,0,0,0,0
Kenya,2020-02-17,0,0,0,0
Kenya,2020-02-18,0,0,0,0
Kenya,2020-02-19,0,0,0,0
Kenya,2020-02-20,0,0,0,0
Kenya,2020-02-21,0,0,0,0
Kenya,2020-02-22,0,0,0,0
Kenya,2020-02-23,0,0,0,0
Kenya,2020-02-24,0,0,0,0
Kenya,2020-02-25,0,0,0,0
Kenya,2020-02-26,0,0,0,0
Kenya,2020-02-27,0,0,0,0
Kenya,2020-02-28,0,0,0,0
Kenya,2020-02-29,0,0,0,0
Kenya,2020-03-01,0,0,0,0
Kenya,2020-03-02,0,0,0,0
Kenya,2020-03-03,0,0,0,0
Kenya,2020-03-04,0,0,0,0
Kenya,2020-03-05,0,0,0,0
Kenya,2020-03-06,0,0,0,0
Kenya,2020-03-07,0,0,0,0
Kenya,2020-03-08,0,0,0,0
Kenya,2020-03-09,0,0,0,0
Kenya,2020-03-10,0,0,0,0
Kenya,2020-03-11,0,0,0,0
Kenya,2020-03-12,0,0,0,0
Kenya,2020-03-13,1,0,0,1
Kenya,2020-03-14,1,0,0,1
Kenya,2020-03-15,3,0,0,3
Kenya,2020-03-16,3,0,0,3
Kenya,2020-03-17,3,0,0,3
Kenya,2020-03-18,3,0,0,3
Kenya,2020-03-19,7,0,0,7
Kenya,2020-03-20,7,0,0,7
Kenya,2020-03-21,7,0,0,7
Kenya,2020-03-22,15,0,0,15
Kenya,2020-03-23,16,0,0,16
Kenya,2020-03-24,25,0,0,25
Kenya,2020-03-25,28,0,1,27
Kenya,2020-03-26,31,1,1,29
Kenya,2020-03-27,31,1,1,29
Kenya,2020-03-28,38,1,1,36
Kenya,2020-03-29,42,1,1,40
Liberia,2020-01-22,0,0,0,0
Liberia,2020-01-23,0,0,0,0
Liberia,2020-01-24,0,0,0,0
Liberia,2020-01-25,0,0,0,0
Liberia,2020-01-26,0,0,0,0
Liberia,2020-01-27,0,0,0,0
Liberia,2020-01-28,0,0,0,0
Liberia,2020-01-29,0,0,0,0
Liberia,2020-01-30,0,0,0,0
Liberia,2020-01-31,0,0,0,0
Liberia,2020-02-01,0,0,0,0
Liberia,2020-02-02,0,0,0,0
Liberia,2020-02-03,0,0,0,0
Liberia,2020-02-04,0,0,0,0
Liberia,2020-02-05,0,0,0,0
Liberia,2020-02-06,0,0,0,0
Liberia,2020-02-07,0,0,0,0
Liberia,2020-02-08,0,0,0,0
Liberia,2020-02-09,0,0,0,0
Liberia,2020-02-10,0,0,0,0
Liberia,2020-02-11,0,0,0,0
Liberia,2020-02-12,0,0,0,0
Liberia,2020-02-13,0,0,0,0
Liberia,2020-02-14,0,0,0,0
Liberia,2020-02-15,0,0,0,0
Liberia,2020-02-16,0,0,0,0
Liberia,2020-02-17,0,0,0,0
Liberia,2020-02-18,0,0,0,0
Liberia,2020-02-19,0,0,0,0
Liberia,2020-02-20,0,0,0,0
Liberia,2020-02-21,0,0,0,0
Liberia,2020-02-22,0,0,0,0
Liberia,2020-02-23,0,0,0,0
Liberia,2020-02-24,0,0,0,0
Liberia,2020-02-25,0,0,0,0
Liberia,2020-02-26,0,0,0,0
Liberia,2020-02-27,0,0,0,0
Liberia,2020-02-28,0,0,0,0
Liberia,2020-02-29,0,0,0,0
Liberia,2020-03-01,0,0,0,0
Liberia,2020-03-02,0,0,0,0
Liberia,2020-03-03,0,0,0,0
Liberia,2020-03-04,0,0,0,0
Liberia,2020-03-05,0,0,0,0
Liberia,2020-03-06,0,0,0,0
Liberia,2020-03-07,0,0,0,0
Liberia,2020-03-08,0,0,0,0
Liberia,2020-03-09,0,0,0,0
Liberia,2020-03-10,0,0,0,0
Liberia,2020-03-11,0,0,0,0
Liberia,2020-03-12,0,0,0,0
Liberia,2020-03-13,0,0,0,0
Liberia,2020-03-14,0,0,0,0
Liberia,2020-03-15,0,0,0,0
Liberia,2020-03-16,1,0,0,1
Liberia,2020-03-17,1,0,0,1
Liberia,2020-03-18,2,0,0,2
Liberia,2020-03-19,2,0,0,2
Liberia,2020-03-20,2,0,0,2
Liberia,2020-03-21,3,0,0,3
Liberia,2020-03-22,3,0,0,3
Liberia,2020-03-23,3,0,0,3
Liberia,2020-03-24,3,0,0,3
Liberia,2020-03-25,3,0,0,3
Liberia,2020-03-26,3,0,0,3
Liberia,2020-03-27,3,0,0,3
Liberia,2020-03-28,3,0,0,3
Liberia,2020-03-29,3,0,0,3
Libya,2020-01-22,0,0,0,0
Libya,2020-01-23,0,0,0,0
Libya,2020-01-24,0,0,0,0
Libya,2020-01-25,0,0,0,0
Libya,2020-01-26,0,0,0,0
Libya,2020-01-27,0,0,0,0
Libya,2020-01-28,0,0,0,0
Libya,2020-01-29,0,0,0,0
Libya,2020-01-30,0,0,0,0
Libya,2020-01-31,0,0,0,0
Libya,2020-02-01,0,0,0,0
Libya,2020-02-02,0,0,0,0
Libya,2020-02-03,0,0,0,0
Libya,2020-02-04,0,0,0,0
Libya,2020-02-05,0,0,0,0
Libya,2020-02-06,0,0,0,0
Libya,2020-02-07,0,0,0,0
Libya,2020-02-08,0,0,0,0
Libya,2020-02-09,0,0,0,0
Libya,2020-02-10,0,0,0,0
Libya,2020-02-11,0,0,0,0
Libya,2020-02-12,0,0,0,0
Libya,2020-02-13,0,0,0,0
Libya,2020-02-14,0,0,0,0
Libya,2020-02-15,0,0,0,0
Libya,2020-02-16,0,0,0,0
Libya,2020-02-17,0,0,0,0
Libya,2020-02-18,0,0,0,0
Libya,2020-02-19,0,0,0,0
Libya,2020-02-20,0,0,0,0
Libya,2020-02-21,0,0,0,0
Libya,2020-02-22,0,0,0,0
Libya,2020-02-23,0,0,0,0
Libya,2020-02-24,0,0,0,0
Libya,2020-02-25,0,0,0,0
Libya,2020-02-26,0,0,0,0
Libya,2020-02-27,0,0,0,0
Libya,2020-02-28,0,0,0,0
Libya,2020-02-29,0,0,0,0
Libya,2020-03-01,0,0,0,0
Libya,2020-03-02,0,0,0,0
Libya,2020-03-03,0,0,0,0
Libya,2020-03-04,0,0,0,0
Libya,2020-03-05,0,0,0,0
Libya,2020-03-06,0,0,0,0
Libya,2020-03-07,0,0,0,0
Libya,2020-03-08,0,0,0,0
Libya,2020-03-09,0,0,0,0
Libya,2020-03-10,0,0,0,0
Libya,2020-03-11,0,0,0,0
Libya,2020-03-12,0,0,0,0
Libya,2020-03-13,0,0,0,0
Libya,2020-03-14,0,0,0,0
Libya,2020-03-15,0,0,0,0
Libya,2020-03-16,0,0,0,0
Libya,2020-03-17,0,0,0,0
Libya,2020-03-18,0,0,0,0
Libya,2020-03-19,0,0,0,0
Libya,2020-03-20,0,0,0,0
Libya,2020-03-21,0,0,0,0
Libya,2020-03-22,0,0,0,0
Libya,2020-03-23,0,0,0,0
Libya,2020-03-24,1,0,0,1
Libya,2020-03-25,1,0,0,1
Libya,2020-03-26,1,0,0,1
Libya,2020-03-27,1,0,0,1
Libya,2020-03-28,3,0,0,3
Libya,2020-03-29,8,0,0,8
Madagascar,2020-01-22,0,0,0,0
Madagascar,2020-01-23,0,0,0,0
Madagascar,2020-01-24,0,0,0,0
Madagascar,2020-01-25,0,0,0,0
Madagascar,2020-01-26,0,0,0,0
Madagascar,2020-01-27,0,0,0,0
Madagascar,2020-01-28,0,0,0,0
Madagascar,2020-01-29,0,0,0,0
Madagascar,2020-01-30,0,0,0,0
Madagascar,2020-01-31,0,0,0,0
Madagascar,2020-02-01,0,0,0,0
Madagascar,2020-02-02,0,0,0,0
Madagascar,2020-02-03,0,0,0,0
Madagascar,2020-02-04,0,0,0,0
Madagascar,2020-02-05,0,0,0,0
Madagascar,2020-02-06,0,0,0,0
Madagascar,2020-02-07,0,0,0,0
Madagascar,2020-02-08,0,0,0,0
Madagascar,2020-02-09,0,0,0,0
Madagascar,2020-02-10,0,0,0,0
Madagascar,2020-02-11,0,0,0,0
Madagascar,2020-02-12,0,0,0,0
Madagascar,2020-02-13,0,0,0,0
Madagascar,2020-02-14,0,0,0,0
Madagascar,2020-02-15,0,0,0,0
Madagascar,2020-02-16,0,0,0,0
Madagascar,2020-02-17,0,0,0,0
Madagascar,2020-02-18,0,0,0,0
Madagascar,2020-02-19,0,0,0,0
Madagascar,2020-02-20,0,0,0,0
Madagascar,2020-02-21,0,0,0,0
Madagascar,2020-02-22,0,0,0,0
Madagascar,2020-02-23,0,0,0,0
Madagascar,2020-02-24,0,0,0,0
Madagascar,2020-02-25,0,0,0,0
Madagascar,2020-02-26,0,0,0,0
Madagascar,2020-02-27,0,0,0,0
Madagascar,2020-02-28,0,0,0,0
Madagascar,2020-02-29,0,0,0,0
Madagascar,2020-03-01,0,0,0,0
Madagascar,2020-03-02,0,0,0,0
Madagascar,2020-03-03,0,0,0,0
Madagascar,2020-03-04,0,0,0,0
Madagascar,2020-03-05,0,0,0,0
Madagascar,2020-03-06,0,0,0,0
Madagascar,2020-03-07,0,0,0,0
Madagascar,2020-03-08,0,0,0,0
Madagascar,2020-03-09,0,0,0,0
Madagascar,2020-03-10,0,0,0,0
Madagascar,2020-03-11,0,0,0,0
Madagascar,2020-03-12,0,0,0,0
Madagascar,2020-03-13,0,0,0,0
Madagascar,2020-03-14,0,0,0,0
Madagascar,2020-03-15,0,0,0,0
Madagascar,2020-03-16,0,0,0,0
Madagascar,2020-03-17,0,0,0,0
Madagascar,2020-03-18,0,0,0,0
Madagascar,2020-03-19,0,0,0,0
Madagascar,2020-03-20,3,0,0,3
Madagascar,2020-03-21,3,0,0,3
Madagascar,2020-03-22,3,0,0,3
Madagascar,2020-03-23,12,0,0,12
Madagascar,2020-03-24,17,0,0,17
Madagascar,2020-03-25,19,0,0,19
Madagascar,2020-03-26,23,0,0,23
Madagascar,2020-03-27,26,0,0,26
Madagascar,2020-03-28,26,0,0,26
Madagascar,2020-03-29,39,0,0,39
Mali,2020-01-22,0,0,0,0
Mali,2020-01-23,0,0,0,0
Mali,2020-01-24,0,0,0,0
Mali,2020-01-25,0,0,0,0
Mali,2020-01-26,0,0,0,0
Mali,2020-01-27,0,0,0,0
Mali,2020-01-28,0,0,0,0
Mali,2020-01-29,0,0,0,0
Mali,2020-01-30,0,0,0,0
Mali,2020-01-31,0,0,0,0
Mali,2020-02-01,0,0,0,0
Mali,2020-02-02,0,0,0,0
Mali,2020-02-03,0,0,0,0
Mali,2020-02-04,0,0,0,0
Mali,2020-02-05,0,0,0,0
Mali,2020-02-06,0,0,0,0
Mali,2020-02-07,0,0,0,0
Mali,2020-02-08,0,0,0,0
Mali,2020-02-09,0,0,0,0
Mali,2020-02-10,0,0,0,0
Mali,2020-02-11,0,0,0,0
Mali,2020-02-12,0,0,0,0
Mali,2020-02-13,0,0,0,0
Mali,2020-02-14,0,0,0,0
Mali,2020-02-15,0,0,0,0
Mali,2020-02-16,0,0,0,0
Mali,2020-02-17,0,0,0,0
Mali,2020-02-18,0,0,0,0
Mali,2020-02-19,0,0,0,0
Mali,2020-02-20,0,0,0,0
Mali,2020-02-21,0,0,0,0
Mali,2020-02-22,0,0,0,0
Mali,2020-02-23,0,0,0,0
Mali,2020-02-24,0,0,0,0
Mali,2020-02-25,0,0,0,0
Mali,2020-02-26,0,0,0,0
Mali,2020-02-27,0,0,0,0
Mali,2020-02-28,0,0,0,0
Mali,2020-02-29,0,0,0,0
Mali,2020-03-01,0,0,0,0
Mali,2020-03-02,0,0,0,0
Mali,2020-03-03,0,0,0,0
Mali,2020-03-04,0,0,0,0
Mali,2020-03-05,0,0,0,0
Mali,2020-03-06,0,0,0,0
Mali,2020-03-07,0,0,0,0
Mali,2020-03-08,0,0,0,0
Mali,2020-03-09,0,0,0,0
Mali,2020-03-10,0,0,0,0
Mali,2020-03-11,0,0,0,0
Mali,2020-03-12,0,0,0,0
Mali,2020-03-13,0,0,0,0
Mali,2020-03-14,0,0,0,0
Mali,2020-03-15,0,0,0,0
Mali,2020-03-16,0,0,0,0
Mali,2020-03-17,0,0,0,0
Mali,2020-03-18,0,0,0,0
Mali,2020-03-19,0,0,0,0
Mali,2020-03-20,0,0,0,0
Mali,2020-03-21,0,0,0,0
Mali,2020-03-22,0,0,0,0
Mali,2020-03-23,0,0,0,0
Mali,2020-03-24,0,0,0,0
Mali,2020-03-25,2,0,0,2
Mali,2020-03-26,4,0,0,4
Mali,2020-03-27,11,0,0,11
Mali,2020-03-28,18,0,0,18
Mali,2020-03-29,18,1,0,17
Mauritania,2020-01-22,0,0,0,0
Mauritania,2020-01-23,0,0,0,0
Mauritania,2020-01-24,0,0,0,0
Mauritania,2020-01-25,0,0,0,0
Mauritania,2020-01-26,0,0,0,0
Mauritania,2020-01-27,0,0,0,0
Mauritania,2020-01-28,0,0,0,0
Mauritania,2020-01-29,0,0,0,0
Mauritania,2020-01-30,0,0,0,0
Mauritania,2020-01-31,0,0,0,0
Mauritania,2020-02-01,0,0,0,0
Mauritania,2020-02-02,0,0,0,0
Mauritania,2020-02-03,0,0,0,0
Mauritania,2020-02-04,0,0,0,0
Mauritania,2020-02-05,0,0,0,0
Mauritania,2020-02-06,0,0,0,0
Mauritania,2020-02-07,0,0,0,0
Mauritania,2020-02-08,0,0,0,0
Mauritania,2020-02-09,0,0,0,0
Mauritania,2020-02-10,0,0,0,0
Mauritania,2020-02-11,0,0,0,0
Mauritania,2020-02-12,0,0,0,0
Mauritania,2020-02-13,0,0,0,0
Mauritania,2020-02-14,0,0,0,0
Mauritania,2020-02-15,0,0,0,0
Mauritania,2020-02-16,0,0,0,0
Mauritania,2020-02-17,0,0,0,0
Mauritania,2020-02-18,0,0,0,0
Mauritania,2020-02-19,0,0,0,0
Mauritania,2020-02-20,0,0,0,0
Mauritania,2020-02-21,0,0,0,0
Mauritania,2020-02-22,0,0,0,0
Mauritania,2020-02-23,0,0,0,0
Mauritania,2020-02-24,0,0,0,0
Mauritania,2020-02-25,0,0,0,0
Mauritania,2020-02-26,0,0,0,0
Mauritania,2020-02-27,0,0,0,0
Mauritania,2020-02-28,0,0,0,0
Mauritania,2020-02-29,0,0,0,0
Mauritania,2020-03-01,0,0,0,0
Mauritania,2020-03-02,0,0,0,0
Mauritania,2020-03-03,0,0,0,0
Mauritania,2020-03-04,0,0,0,0
Mauritania,2020-03-05,0,0,0,0
Mauritania,2020-03-06,0,0,0,0
Mauritania,2020-03-07,0,0,0,0
Mauritania,2020-03-08,0,0,0,0
Mauritania,2020-03-09,0,0,0,0
Mauritania,2020-03-10,0,0,0,0
Mauritania,2020-03-11,0,0,0,0
Mauritania,2020-03-12,0,0,0,0
Mauritania,2020-03-13,0,0,0,0
Mauritania,2020-03-14,1,0,0,1
Mauritania,2020-03-15,1,0,0,1
Mauritania,2020-03-16,1,0,0,1
Mauritania,2020-03-17,1,0,0,1
Mauritania,2020-03-18,1,0,0,1
Mauritania,2020-03-19,2,0,0,2
Mauritania,2020-03-20,2,0,0,2
Mauritania,2020-03-21,2,0,0,2
Mauritania,2020-03-22,2,0,0,2
Mauritania,2020-03-23,2,0,0,2
Mauritania,2020-03-24,2,0,0,2
Mauritania,2020-03-25,2,0,0,2
Mauritania,2020-03-26,3,0,0,3
Mauritania,2020-03-27,3,0,0,3
Mauritania,2020-03-28,5,0,0,5
Mauritania,2020-03-29,5,0,2,3
Mauritius,2020-01-22,0,0,0,0
Mauritius,2020-01-23,0,0,0,0
Mauritius,2020-01-24,0,0,0,0
Mauritius,2020-01-25,0,0,0,0
Mauritius,2020-01-26,0,0,0,0
Mauritius,2020-01-27,0,0,0,0
Mauritius,2020-01-28,0,0,0,0
Mauritius,2020-01-29,0,0,0,0
Mauritius,2020-01-30,0,0,0,0
Mauritius,2020-01-31,0,0,0,0
Mauritius,2020-02-01,0,0,0,0
Mauritius,2020-02-02,0,0,0,0
Mauritius,2020-02-03,0,0,0,0
Mauritius,2020-02-04,0,0,0,0
Mauritius,2020-02-05,0,0,0,0
Mauritius,2020-02-06,0,0,0,0
Mauritius,2020-02-07,0,0,0,0
Mauritius,2020-02-08,0,0,0,0
Mauritius,2020-02-09,0,0,0,0
Mauritius,2020-02-10,0,0,0,0
Mauritius,2020-02-11,0,0,0,0
Mauritius,2020-02-12,0,0,0,0
Mauritius,2020-02-13,0,0,0,0
Mauritius,2020-02-14,0,0,0,0
Mauritius,2020-02-15,0,0,0,0
Mauritius,2020-02-16,0,0,0,0
Mauritius,2020-02-17,0,0,0,0
Mauritius,2020-02-18,0,0,0,0
Mauritius,2020-02-19,0,0,0,0
Mauritius,2020-02-20,0,0,0,0
Mauritius,2020-02-21,0,0,0,0
Mauritius,2020-02-22,0,0,0,0
Mauritius,2020-02-23,0,0,0,0
Mauritius,2020-02-24,0,0,0,0
Mauritius,2020-02-25,0,0,0,0
Mauritius,2020-02-26,0,0,0,0
Mauritius,2020-02-27,0,0,0,0
Mauritius,2020-02-28,0,0,0,0
Mauritius,2020-02-29,0,0,0,0
Mauritius,2020-03-01,0,0,0,0
Mauritius,2020-03-02,0,0,0,0
Mauritius,2020-03-03,0,0,0,0
Mauritius,2020-03-04,0,0,0,0
Mauritius,2020-03-05,0,0,0,0
Mauritius,2020-03-06,0,0,0,0
Mauritius,2020-03-07,0,0,0,0
Mauritius,2020-03-08,0,0,0,0
Mauritius,2020-03-09,0,0,0,0
Mauritius,2020-03-10,0,0,0,0
Mauritius,2020-03-11,0,0,0,0
Mauritius,2020-03-12,0,0,0,0
Mauritius,2020-03-13,0,0,0,0
Mauritius,2020-03-14,0,0,0,0
Mauritius,2020-03-15,0,0,0,0
Mauritius,2020-03-16,0,0,0,0
Mauritius,2020-03-17,0,0,0,0
Mauritius,2020-03-18,3,0,0,3
Mauritius,2020-03-19,3,0,0,3
Mauritius,2020-03-20,12,0,0,12
Mauritius,2020-03-21,14,1,0,13
Mauritius,2020-03-22,28,2,0,26
Mauritius,2020-03-23,36,2,0,34
Mauritius,2020-03-24,42,2,0,40
Mauritius,2020-03-25,48,2,0,46
Mauritius,2020-03-26,81,2,0,79
Mauritius,2020-03-27,94,2,0,92
Mauritius,2020-03-28,102,2,0,100
Mauritius,2020-03-29,107,3,0,104
Mayotte,2020-01-22,0,0,0,0
Mayotte,2020-01-23,0,0,0,0
Mayotte,2020-01-24,0,0,0,0
Mayotte,2020-01-25,0,0,0,0
Mayotte,2020-01-26,0,0,0,0
Mayotte,2020-01-27,0,0,0,0
Mayotte,2020-01-28,0,0,0,0
Mayotte,2020-01-29,0,0,0,0
Mayotte,2020-01-30,0,0,0,0
Mayotte,2020-01-31,0,0,0,0
Mayotte,2020-02-01,0,0,0,0
Mayotte,2020-02-02,0,0,0,0
Mayotte,2020-02-03,0,0,0,0
Mayotte,2020-02-04,0,0,0,0
Mayotte,2020-02-05,0,0,0,0
Mayotte,2020-02-06,0,0,0,0
Mayotte,2020-02-07,0,0,0,0
Mayotte,2020-02-08,0,0,0,0
Mayotte,2020-02-09,0,0,0,0
Mayotte,2020-02-10,0,0,0,0
Mayotte,2020-02-11,0,0,0,0
Mayotte,2020-02-12,0,0,0,0
Mayotte,2020-02-13,0,0,0,0
Mayotte,2020-02-14,0,0,0,0
Mayotte,2020-02-15,0,0,0,0
Mayotte,2020-02-16,0,0,0,0
Mayotte,2020-02-17,0,0,0,0
Mayotte,2020-02-18,0,0,0,0
Mayotte,2020-02-19,0,0,0,0
Mayotte,2020-02-20,0,0,0,0
Mayotte,2020-02-21,0,0,0,0
Mayotte,2020-02-22,0,0,0,0
Mayotte,2020-02-23,0,0,0,0
Mayotte,2020-02-24,0,0,0,0
Mayotte,2020-02-25,0,0,0,0
Mayotte,2020-02-26,0,0,0,0
Mayotte,2020-02-27,0,0,0,0
Mayotte,2020-02-28,0,0,0,0
Mayotte,2020-02-29,0,0,0,0
Mayotte,2020-03-01,0,0,0,0
Mayotte,2020-03-02,0,0,0,0
Mayotte,2020-03-03,0,0,0,0
Mayotte,2020-03-04,0,0,0,0
Mayotte,2020-03-05,0,0,0,0
Mayotte,2020-03-06,0,0,0,0
Mayotte,2020-03-07,0,0,0,0
Mayotte,2020-03-08,0,0,0,0
Mayotte,2020-03-09,0,0,0,0
Mayotte,2020-03-10,0,0,0,0
Mayotte,2020-03-11,0,0,0,0
Mayotte,2020-03-12,0,0,0,0
Mayotte,2020-03-13,0,0,0,0
Mayotte,2020-03-14,0,0,0,0
Mayotte,2020-03-15,0,0,0,0
Mayotte,2020-03-16,1,0,0,1
Mayotte,2020-03-17,1,0,0,1
Mayotte,2020-03-18,3,0,0,3
Mayotte,2020-03-19,3,0,0,3
Mayotte,2020-03-20,6,0,0,6
Mayotte,2020-03-21,7,0,0,7
Mayotte,2020-03-22,0,0,0,0
Mayotte,2020-03-23,0,0,0,0
Mayotte,2020-03-24,0,0,0,0
Mayotte,2020-03-25,0,0,0,0
Mayotte,2020-03-26,0,0,0,0
Mayotte,2020-03-27,0,0,0,0
Mayotte,2020-03-28,0,0,0,0
Mayotte,2020-03-29,0,0,0,0
Morocco,2020-01-22,0,0,0,0
Morocco,2020-01-23,0,0,0,0
Morocco,2020-01-24,0,0,0,0
Morocco,2020-01-25,0,0,0,0
Morocco,2020-01-26,0,0,0,0
Morocco,2020-01-27,0,0,0,0
Morocco,2020-01-28,0,0,0,0
Morocco,2020-01-29,0,0,0,0
Morocco,2020-01-30,0,0,0,0
Morocco,2020-01-31,0,0,0,0
Morocco,2020-02-01,0,0,0,0
Morocco,2020-02-02,0,0,0,0
Morocco,2020-02-03,0,0,0,0
Morocco,2020-02-04,0,0,0,0
Morocco,2020-02-05,0,0,0,0
Morocco,2020-02-06,0,0,0,0
Morocco,2020-02-07,0,0,0,0
Morocco,2020-02-08,0,0,0,0
Morocco,2020-02-09,0,0,0,0
Morocco,2020-02-10,0,0,0,0
Morocco,2020-02-11,0,0,0,0
Morocco,2020-02-12,0,0,0,0
Morocco,2020-02-13,0,0,0,0
Morocco,2020-02-14,0,0,0,0
Morocco,2020-02-15,0,0,0,0
Morocco,2020-02-16,0,0,0,0
Morocco,2020-02-17,0,0,0,0
Morocco,2020-02-18,0,0,0,0
Morocco,2020-02-19,0,0,0,0
Morocco,2020-02-20,0,0,0,0
Morocco,2020-02-21,0,0,0,0
Morocco,2020-02-22,0,0,0,0
Morocco,2020-02-23,0,0,0,0
Morocco,2020-02-24,0,0,0,0
Morocco,2020-02-25,0,0,0,0
Morocco,2020-02-26,0,0,0,0
Morocco,2020-02-27,0,0,0,0
Morocco,2020-02-28,0,0,0,0
Morocco,2020-02-29,0,0,0,0
Morocco,2020-03-01,0,0,0,0
Morocco,2020-03-02,1,0,0,1
Morocco,2020-03-03,1,0,0,1
Morocco,2020-03-04,1,0,0,1
Morocco,2020-03-05,2,0,0,2
Morocco,2020-03-06,2,0,0,2
Morocco,2020-03-07,2,0,0,2
Morocco,2020-03-08,2,0,0,2
Morocco,2020-03-09,2,0,0,2
Morocco,2020-03-10,3,1,0,2
Morocco,2020-03-11,5,1,0,4
Morocco,2020-03-12,6,1,0,5
Morocco,2020-03-13,7,1,1,5
Morocco,2020-03-14,17,1,1,15
Morocco,2020-03-15,28,1,1,26
Morocco,2020-03-16,29,1,1,27
Morocco,2020-03-17,38,2,1,35
Morocco,2020-03-18,49,2,1,46
Morocco,2020-03-19,63,2,1,60
Morocco,2020-03-20,77,3,1,73
Morocco,2020-03-21,96,3,3,90
Morocco,2020-03-22,115,4,3,108
Morocco,2020-03-23,143,4,5,134
Morocco,2020-03-24,170,5,6,159
Morocco,2020-03-25,225,6,7,212
Morocco,2020-03-26,275,11,8,256
Morocco,2020-03-27,345,23,11,311
Morocco,2020-03-28,402,25,11,366
Morocco,2020-03-29,479,26,13,440
Mozambique,2020-01-22,0,0,0,0
Mozambique,2020-01-23,0,0,0,0
Mozambique,2020-01-24,0,0,0,0
Mozambique,2020-01-25,0,0,0,0
Mozambique,2020-01-26,0,0,0,0
Mozambique,2020-01-27,0,0,0,0
Mozambique,2020-01-28,0,0,0,0
Mozambique,2020-01-29,0,0,0,0
Mozambique,2020-01-30,0,0,0,0
Mozambique,2020-01-31,0,0,0,0
Mozambique,2020-02-01,0,0,0,0
Mozambique,2020-02-02,0,0,0,0
Mozambique,2020-02-03,0,0,0,0
Mozambique,2020-02-04,0,0,0,0
Mozambique,2020-02-05,0,0,0,0
Mozambique,2020-02-06,0,0,0,0
Mozambique,2020-02-07,0,0,0,0
Mozambique,2020-02-08,0,0,0,0
Mozambique,2020-02-09,0,0,0,0
Mozambique,2020-02-10,0,0,0,0
Mozambique,2020-02-11,0,0,0,0
Mozambique,2020-02-12,0,0,0,0
Mozambique,2020-02-13,0,0,0,0
Mozambique,2020-02-14,0,0,0,0
Mozambique,2020-02-15,0,0,0,0
Mozambique,2020-02-16,0,0,0,0
Mozambique,2020-02-17,0,0,0,0
Mozambique,2020-02-18,0,0,0,0
Mozambique,2020-02-19,0,0,0,0
Mozambique,2020-02-20,0,0,0,0
Mozambique,2020-02-21,0,0,0,0
Mozambique,2020-02-22,0,0,0,0
Mozambique,2020-02-23,0,0,0,0
Mozambique,2020-02-24,0,0,0,0
Mozambique,2020-02-25,0,0,0,0
Mozambique,2020-02-26,0,0,0,0
Mozambique,2020-02-27,0,0,0,0
Mozambique,2020-02-28,0,0,0,0
Mozambique,2020-02-29,0,0,0,0
Mozambique,2020-03-01,0,0,0,0
Mozambique,2020-03-02,0,0,0,0
Mozambique,2020-03-03,0,0,0,0
Mozambique,2020-03-04,0,0,0,0
Mozambique,2020-03-05,0,0,0,0
Mozambique,2020-03-06,0,0,0,0
Mozambique,2020-03-07,0,0,0,0
Mozambique,2020-03-08,0,0,0,0
Mozambique,2020-03-09,0,0,0,0
Mozambique,2020-03-10,0,0,0,0
Mozambique,2020-03-11,0,0,0,0
Mozambique,2020-03-12,0,0,0,0
Mozambique,2020-03-13,0,0,0,0
Mozambique,2020-03-14,0,0,0,0
Mozambique,2020-03-15,0,0,0,0
Mozambique,2020-03-16,0,0,0,0
Mozambique,2020-03-17,0,0,0,0
Mozambique,2020-03-18,0,0,0,0
Mozambique,2020-03-19,0,0,0,0
Mozambique,2020-03-20,0,0,0,0
Mozambique,2020-03-21,0,0,0,0
Mozambique,2020-03-22,1,0,0,1
Mozambique,2020-03-23,1,0,0,1
Mozambique,2020-03-24,3,0,0,3
Mozambique,2020-03-25,5,0,0,5
Mozambique,2020-03-26,7,0,0,7
Mozambique,2020-03-27,7,0,0,7
Mozambique,2020-03-28,8,0,0,8
Mozambique,2020-03-29,8,0,0,8
Namibia,2020-01-22,0,0,0,0
Namibia,2020-01-23,0,0,0,0
Namibia,2020-01-24,0,0,0,0
Namibia,2020-01-25,0,0,0,0
Namibia,2020-01-26,0,0,0,0
Namibia,2020-01-27,0,0,0,0
Namibia,2020-01-28,0,0,0,0
Namibia,2020-01-29,0,0,0,0
Namibia,2020-01-30,0,0,0,0
Namibia,2020-01-31,0,0,0,0
Namibia,2020-02-01,0,0,0,0
Namibia,2020-02-02,0,0,0,0
Namibia,2020-02-03,0,0,0,0
Namibia,2020-02-04,0,0,0,0
Namibia,2020-02-05,0,0,0,0
Namibia,2020-02-06,0,0,0,0
Namibia,2020-02-07,0,0,0,0
Namibia,2020-02-08,0,0,0,0
Namibia,2020-02-09,0,0,0,0
Namibia,2020-02-10,0,0,0,0
Namibia,2020-02-11,0,0,0,0
Namibia,2020-02-12,0,0,0,0
Namibia,2020-02-13,0,0,0,0
Namibia,2020-02-14,0,0,0,0
Namibia,2020-02-15,0,0,0,0
Namibia,2020-02-16,0,0,0,0
Namibia,2020-02-17,0,0,0,0
Namibia,2020-02-18,0,0,0,0
Namibia,2020-02-19,0,0,0,0
Namibia,2020-02-20,0,0,0,0
Namibia,2020-02-21,0,0,0,0
Namibia,2020-02-22,0,0,0,0
Namibia,2020-02-23,0,0,0,0
Namibia,2020-02-24,0,0,0,0
Namibia,2020-02-25,0,0,0,0
Namibia,2020-02-26,0,0,0,0
Namibia,2020-02-27,0,0,0,0
Namibia,2020-02-28,0,0,0,0
Namibia,2020-02-29,0,0,0,0
Namibia,2020-03-01,0,0,0,0
Namibia,2020-03-02,0,0,0,0
Namibia,2020-03-03,0,0,0,0
Namibia,2020-03-04,0,0,0,0
Namibia,2020-03-05,0,0,0,0
Namibia,2020-03-06,0,0,0,0
Namibia,2020-03-07,0,0,0,0
Namibia,2020-03-08,0,0,0,0
Namibia,2020-03-09,0,0,0,0
Namibia,2020-03-10,0,0,0,0
Namibia,2020-03-11,0,0,0,0
Namibia,2020-03-12,0,0,0,0
Namibia,2020-03-13,0,0,0,0
Namibia,2020-03-14,2,0,0,2
Namibia,2020-03-15,2,0,0,2
Namibia,2020-03-16,2,0,0,2
Namibia,2020-03-17,2,0,0,2
Namibia,2020-03-18,2,0,0,2
Namibia,2020-03-19,3,0,0,3
Namibia,2020-03-20,3,0,0,3
Namibia,2020-03-21,3,0,0,3
Namibia,2020-03-22,3,0,0,3
Namibia,2020-03-23,4,0,0,4
Namibia,2020-03-24,7,0,2,5
Namibia,2020-03-25,7,0,2,5
Namibia,2020-03-26,8,0,2,6
Namibia,2020-03-27,8,0,2,6
Namibia,2020-03-28,8,0,2,6
Namibia,2020-03-29,11,0,2,9
Niger,2020-01-22,0,0,0,0
Niger,2020-01-23,0,0,0,0
Niger,2020-01-24,0,0,0,0
Niger,2020-01-25,0,0,0,0
Niger,2020-01-26,0,0,0,0
Niger,2020-01-27,0,0,0,0
Niger,2020-01-28,0,0,0,0
Niger,2020-01-29,0,0,0,0
Niger,2020-01-30,0,0,0,0
Niger,2020-01-31,0,0,0,0
Niger,2020-02-01,0,0,0,0
Niger,2020-02-02,0,0,0,0
Niger,2020-02-03,0,0,0,0
Niger,2020-02-04,0,0,0,0
Niger,2020-02-05,0,0,0,0
Niger,2020-02-06,0,0,0,0
Niger,2020-02-07,0,0,0,0
Niger,2020-02-08,0,0,0,0
Niger,2020-02-09,0,0,0,0
Niger,2020-02-10,0,0,0,0
Niger,2020-02-11,0,0,0,0
Niger,2020-02-12,0,0,0,0
Niger,2020-02-13,0,0,0,0
Niger,2020-02-14,0,0,0,0
Niger,2020-02-15,0,0,0,0
Niger,2020-02-16,0,0,0,0
Niger,2020-02-17,0,0,0,0
Niger,2020-02-18,0,0,0,0
Niger,2020-02-19,0,0,0,0
Niger,2020-02-20,0,0,0,0
Niger,2020-02-21,0,0,0,0
Niger,2020-02-22,0,0,0,0
Niger,2020-02-23,0,0,0,0
Niger,2020-02-24,0,0,0,0
Niger,2020-02-25,0,0,0,0
Niger,2020-02-26,0,0,0,0
Niger,2020-02-27,0,0,0,0
Niger,2020-02-28,0,0,0,0
Niger,2020-02-29,0,0,0,0
Niger,2020-03-01,0,0,0,0
Niger,2020-03-02,0,0,0,0
Niger,2020-03-03,0,0,0,0
Niger,2020-03-04,0,0,0,0
Niger,2020-03-05,0,0,0,0
Niger,2020-03-06,0,0,0,0
Niger,2020-03-07,0,0,0,0
Niger,2020-03-08,0,0,0,0
Niger,2020-03-09,0,0,0,0
Niger,2020-03-10,0,0,0,0
Niger,2020-03-11,0,0,0,0
Niger,2020-03-12,0,0,0,0
Niger,2020-03-13,0,0,0,0
Niger,2020-03-14,0,0,0,0
Niger,2020-03-15,0,0,0,0
Niger,2020-03-16,0,0,0,0
Niger,2020-03-17,0,0,0,0
Niger,2020-03-18,0,0,0,0
Niger,2020-03-19,0,0,0,0
Niger,2020-03-20,1,0,0,1
Niger,2020-03-21,1,0,0,1
Niger,2020-03-22,2,0,0,2
Niger,2020-03-23,3,0,0,3
Niger,2020-03-24,3,0,0,3
Niger,2020-03-25,7,1,0,6
Niger,2020-03-26,10,1,0,9
Niger,2020-03-27,10,1,0,9
Niger,2020-03-28,10,1,0,9
Niger,2020-03-29,18,1,0,17
Nigeria,2020-01-22,0,0,0,0
Nigeria,2020-01-23,0,0,0,0
Nigeria,2020-01-24,0,0,0,0
Nigeria,2020-01-25,0,0,0,0
Nigeria,2020-01-26,0,0,0,0
Nigeria,2020-01-27,0,0,0,0
Nigeria,2020-01-28,0,0,0,0
Nigeria,2020-01-29,0,0,0,0
Nigeria,2020-01-30,0,0,0,0
Nigeria,2020-01-31,0,0,0,0
Nigeria,2020-02-01,0,0,0,0
Nigeria,2020-02-02,0,0,0,0
Nigeria,2020-02-03,0,0,0,0
Nigeria,2020-02-04,0,0,0,0
Nigeria,2020-02-05,0,0,0,0
Nigeria,2020-02-06,0,0,0,0
Nigeria,2020-02-07,0,0,0,0
Nigeria,2020-02-08,0,0,0,0
Nigeria,2020-02-09,0,0,0,0
Nigeria,2020-02-10,0,0,0,0
Nigeria,2020-02-11,0,0,0,0
Nigeria,2020-02-12,0,0,0,0
Nigeria,2020-02-13,0,0,0,0
Nigeria,2020-02-14,0,0,0,0
Nigeria,2020-02-15,0,0,0,0
Nigeria,2020-02-16,0,0,0,0
Nigeria,2020-02-17,0,0,0,0
Nigeria,2020-02-18,0,0,0,0
Nigeria,2020-02-19,0,0,0,0
Nigeria,2020-02-20,0,0,0,0
Nigeria,2020-02-21,0,0,0,0
Nigeria,2020-02-22,0,0,0,0
Nigeria,2020-02-23,0,0,0,0
Nigeria,2020-02-24,0,0,0,0
Nigeria,2020-02-25,0,0,0,0
Nigeria,2020-02-26,0,0,0,0
Nigeria,2020-02-27,0,0,0,0
Nigeria,2020-02-28,1,0,0,1
Nigeria,2020-02-29,1,0,0,1
Nigeria,2020-03-01,1,0,0,1
Nigeria,2020-03-02,1,0,0,1
Nigeria,2020-03-03,1,0,0,1
Nigeria,2020-03-04,1,0,0,1
Nigeria,2020-03-05,1,0,0,1
Nigeria,2020-03-06,1,0,0,1
Nigeria,2020-03-07,1,0,0,1
Nigeria,2020-03-08,1,0,0,1
Nigeria,2020-03-09,2,0,0,2
Nigeria,2020-03-10,2,0,0,2
Nigeria,2020-03-11,2,0,0,2
Nigeria,2020-03-12,2,0,0,2
Nigeria,2020-03-13,2,0,0,2
Nigeria,2020-03-14,2,0,0,2
Nigeria,2020-03-15,2,0,0,2
Nigeria,2020-03-16,2,0,0,2
Nigeria,2020-03-17,3,0,0,3
Nigeria,2020-03-18,8,0,1,7
Nigeria,2020-03-19,8,0,1,7
Nigeria,2020-03-20,12,0,1,11
Nigeria,2020-03-21,22,0,1,21
Nigeria,2020-03-22,30,0,2,28
Nigeria,2020-03-23,40,1,2,37
Nigeria,2020-03-24,44,1,2,41
Nigeria,2020-03-25,51,1,2,48
Nigeria,2020-03-26,65,1,2,62
Nigeria,2020-03-27,70,1,3,66
Nigeria,2020-03-28,89,1,3,85
Nigeria,2020-03-29,111,1,3,107
Republic of the Congo,2020-01-22,0,0,0,0
Republic of the Congo,2020-01-23,0,0,0,0
Republic of the Congo,2020-01-24,0,0,0,0
Republic of the Congo,2020-01-25,0,0,0,0
Republic of the Congo,2020-01-26,0,0,0,0
Republic of the Congo,2020-01-27,0,0,0,0
Republic of the Congo,2020-01-28,0,0,0,0
Republic of the Congo,2020-01-29,0,0,0,0
Republic of the Congo,2020-01-30,0,0,0,0
Republic of the Congo,2020-01-31,0,0,0,0
Republic of the Congo,2020-02-01,0,0,0,0
Republic of the Congo,2020-02-02,0,0,0,0
Republic of the Congo,2020-02-03,0,0,0,0
Republic of the Congo,2020-02-04,0,0,0,0
Republic of the Congo,2020-02-05,0,0,0,0
Republic of the Congo,2020-02-06,0,0,0,0
Republic of the Congo,2020-02-07,0,0,0,0
Republic of the Congo,2020-02-08,0,0,0,0
Republic of the Congo,2020-02-09,0,0,0,0
Republic of the Congo,2020-02-10,0,0,0,0
Republic of the Congo,2020-02-11,0,0,0,0
Republic of the Congo,2020-02-12,0,0,0,0
Republic of the Congo,2020-02-13,0,0,0,0
Republic of the Congo,2020-02-14,0,0,0,0
Republic of the Congo,2020-02-15,0,0,0,0
Republic of the Congo,2020-02-16,0,0,0,0
Republic of the Congo,2020-02-17,0,0,0,0
Republic of the Congo,2020-02-18,0,0,0,0
Republic of the Congo,2020-02-19,0,0,0,0
Republic of the Congo,2020-02-20,0,0,0,0
Republic of the Congo,2020-02-21,0,0,0,0
Republic of the Congo,2020-02-22,0,0,0,0
Republic of the Congo,2020-02-23,0,0,0,0
Republic of the Congo,2020-02-24,0,0,0,0
Republic of the Congo,2020-02-25,0,0,0,0
Republic of the Congo,2020-02-26,0,0,0,0
Republic of the Congo,2020-02-27,0,0,0,0
Republic of the Congo,2020-02-28,0,0,0,0
Republic of the Congo,2020-02-29,0,0,0,0
Republic of the Congo,2020-03-01,0,0,0,0
Republic of the Congo,2020-03-02,0,0,0,0
Republic of the Congo,2020-03-03,0,0,0,0
Republic of the Congo,2020-03-04,0,0,0,0
Republic of the Congo,2020-03-05,0,0,0,0
Republic of the Congo,2020-03-06,0,0,0,0
Republic of the Congo,2020-03-07,0,0,0,0
Republic of the Congo,2020-03-08,0,0,0,0
Republic of the Congo,2020-03-09,0,0,0,0
Republic of the Congo,2020-03-10,0,0,0,0
Republic of the Congo,2020-03-11,0,0,0,0
Republic of the Congo,2020-03-12,0,0,0,0
Republic of the Congo,2020-03-13,0,0,0,0
Republic of the Congo,2020-03-14,0,0,0,0
Republic of the Congo,2020-03-15,1,0,0,1
Republic of the Congo,2020-03-16,1,0,0,1
Republic of the Congo,2020-03-16,1,0,0,1
Republic of the Congo,2020-03-17,1,0,0,1
Republic of the Congo,2020-03-17,0,0,0,0
Republic of the Congo,2020-03-18,1,0,0,1
Republic of the Congo,2020-03-18,0,0,0,0
Republic of the Congo,2020-03-19,3,0,0,3
Republic of the Congo,2020-03-19,0,0,0,0
Republic of the Congo,2020-03-20,3,0,0,3
Republic of the Congo,2020-03-20,0,0,0,0
Republic of the Congo,2020-03-21,3,0,0,3
Republic of the Congo,2020-03-21,0,0,0,0
Republic of the Congo,2020-03-22,3,0,0,3
Republic of the Congo,2020-03-23,4,0,0,4
Republic of the Congo,2020-03-24,4,0,0,4
Republic of the Congo,2020-03-25,4,0,0,4
Republic of the Congo,2020-03-26,4,0,0,4
Republic of the Congo,2020-03-27,4,0,0,4
Republic of the Congo,2020-03-28,4,0,0,4
Republic of the Congo,2020-03-29,19,0,0,19
Reunion,2020-01-22,0,0,0,0
Reunion,2020-01-23,0,0,0,0
Reunion,2020-01-24,0,0,0,0
Reunion,2020-01-25,0,0,0,0
Reunion,2020-01-26,0,0,0,0
Reunion,2020-01-27,0,0,0,0
Reunion,2020-01-28,0,0,0,0
Reunion,2020-01-29,0,0,0,0
Reunion,2020-01-30,0,0,0,0
Reunion,2020-01-31,0,0,0,0
Reunion,2020-02-01,0,0,0,0
Reunion,2020-02-02,0,0,0,0
Reunion,2020-02-03,0,0,0,0
Reunion,2020-02-04,0,0,0,0
Reunion,2020-02-05,0,0,0,0
Reunion,2020-02-06,0,0,0,0
Reunion,2020-02-07,0,0,0,0
Reunion,2020-02-08,0,0,0,0
Reunion,2020-02-09,0,0,0,0
Reunion,2020-02-10,0,0,0,0
Reunion,2020-02-11,0,0,0,0
Reunion,2020-02-12,0,0,0,0
Reunion,2020-02-13,0,0,0,0
Reunion,2020-02-14,0,0,0,0
Reunion,2020-02-15,0,0,0,0
Reunion,2020-02-16,0,0,0,0
Reunion,2020-02-17,0,0,0,0
Reunion,2020-02-18,0,0,0,0
Reunion,2020-02-19,0,0,0,0
Reunion,2020-02-20,0,0,0,0
Reunion,2020-02-21,0,0,0,0
Reunion,2020-02-22,0,0,0,0
Reunion,2020-02-23,0,0,0,0
Reunion,2020-02-24,0,0,0,0
Reunion,2020-02-25,0,0,0,0
Reunion,2020-02-26,0,0,0,0
Reunion,2020-02-27,0,0,0,0
Reunion,2020-02-28,0,0,0,0
Reunion,2020-02-29,0,0,0,0
Reunion,2020-03-01,0,0,0,0
Reunion,2020-03-02,0,0,0,0
Reunion,2020-03-03,0,0,0,0
Reunion,2020-03-04,0,0,0,0
Reunion,2020-03-05,0,0,0,0
Reunion,2020-03-06,0,0,0,0
Reunion,2020-03-07,0,0,0,0
Reunion,2020-03-08,0,0,0,0
Reunion,2020-03-09,0,0,0,0
Reunion,2020-03-10,0,0,0,0
Reunion,2020-03-11,1,0,0,1
Reunion,2020-03-12,1,0,0,1
Reunion,2020-03-13,5,0,0,5
Reunion,2020-03-14,6,0,0,6
Reunion,2020-03-15,7,0,0,7
Reunion,2020-03-16,9,0,0,9
Reunion,2020-03-17,9,0,0,9
Reunion,2020-03-18,12,0,0,12
Reunion,2020-03-19,14,0,0,14
Reunion,2020-03-20,28,0,0,28
Reunion,2020-03-21,45,0,0,45
Reunion,2020-03-22,0,0,0,0
Reunion,2020-03-23,0,0,0,0
Reunion,2020-03-24,0,0,0,0
Reunion,2020-03-25,0,0,0,0
Reunion,2020-03-26,0,0,0,0
Reunion,2020-03-27,0,0,0,0
Reunion,2020-03-28,0,0,0,0
Reunion,2020-03-29,0,0,0,0
Rwanda,2020-01-22,0,0,0,0
Rwanda,2020-01-23,0,0,0,0
Rwanda,2020-01-24,0,0,0,0
Rwanda,2020-01-25,0,0,0,0
Rwanda,2020-01-26,0,0,0,0
Rwanda,2020-01-27,0,0,0,0
Rwanda,2020-01-28,0,0,0,0
Rwanda,2020-01-29,0,0,0,0
Rwanda,2020-01-30,0,0,0,0
Rwanda,2020-01-31,0,0,0,0
Rwanda,2020-02-01,0,0,0,0
Rwanda,2020-02-02,0,0,0,0
Rwanda,2020-02-03,0,0,0,0
Rwanda,2020-02-04,0,0,0,0
Rwanda,2020-02-05,0,0,0,0
Rwanda,2020-02-06,0,0,0,0
Rwanda,2020-02-07,0,0,0,0
Rwanda,2020-02-08,0,0,0,0
Rwanda,2020-02-09,0,0,0,0
Rwanda,2020-02-10,0,0,0,0
Rwanda,2020-02-11,0,0,0,0
Rwanda,2020-02-12,0,0,0,0
Rwanda,2020-02-13,0,0,0,0
Rwanda,2020-02-14,0,0,0,0
Rwanda,2020-02-15,0,0,0,0
Rwanda,2020-02-16,0,0,0,0
Rwanda,2020-02-17,0,0,0,0
Rwanda,2020-02-18,0,0,0,0
Rwanda,2020-02-19,0,0,0,0
Rwanda,2020-02-20,0,0,0,0
Rwanda,2020-02-21,0,0,0,0
Rwanda,2020-02-22,0,0,0,0
Rwanda,2020-02-23,0,0,0,0
Rwanda,2020-02-24,0,0,0,0
Rwanda,2020-02-25,0,0,0,0
Rwanda,2020-02-26,0,0,0,0
Rwanda,2020-02-27,0,0,0,0
Rwanda,2020-02-28,0,0,0,0
Rwanda,2020-02-29,0,0,0,0
Rwanda,2020-03-01,0,0,0,0
Rwanda,2020-03-02,0,0,0,0
Rwanda,2020-03-03,0,0,0,0
Rwanda,2020-03-04,0,0,0,0
Rwanda,2020-03-05,0,0,0,0
Rwanda,2020-03-06,0,0,0,0
Rwanda,2020-03-07,0,0,0,0
Rwanda,2020-03-08,0,0,0,0
Rwanda,2020-03-09,0,0,0,0
Rwanda,2020-03-10,0,0,0,0
Rwanda,2020-03-11,0,0,0,0
Rwanda,2020-03-12,0,0,0,0
Rwanda,2020-03-13,0,0,0,0
Rwanda,2020-03-14,1,0,0,1
Rwanda,2020-03-15,1,0,0,1
Rwanda,2020-03-16,5,0,0,5
Rwanda,2020-03-17,7,0,0,7
Rwanda,2020-03-18,8,0,0,8
Rwanda,2020-03-19,8,0,0,8
Rwanda,2020-03-20,17,0,0,17
Rwanda,2020-03-21,17,0,0,17
Rwanda,2020-03-22,19,0,0,19
Rwanda,2020-03-23,36,0,0,36
Rwanda,2020-03-24,40,0,0,40
Rwanda,2020-03-25,41,0,0,41
Rwanda,2020-03-26,50,0,0,50
Rwanda,2020-03-27,54,0,0,54
Rwanda,2020-03-28,60,0,0,60
Rwanda,2020-03-29,70,0,0,70
Senegal,2020-01-22,0,0,0,0
Senegal,2020-01-23,0,0,0,0
Senegal,2020-01-24,0,0,0,0
Senegal,2020-01-25,0,0,0,0
Senegal,2020-01-26,0,0,0,0
Senegal,2020-01-27,0,0,0,0
Senegal,2020-01-28,0,0,0,0
Senegal,2020-01-29,0,0,0,0
Senegal,2020-01-30,0,0,0,0
Senegal,2020-01-31,0,0,0,0
Senegal,2020-02-01,0,0,0,0
Senegal,2020-02-02,0,0,0,0
Senegal,2020-02-03,0,0,0,0
Senegal,2020-02-04,0,0,0,0
Senegal,2020-02-05,0,0,0,0
Senegal,2020-02-06,0,0,0,0
Senegal,2020-02-07,0,0,0,0
Senegal,2020-02-08,0,0,0,0
Senegal,2020-02-09,0,0,0,0
Senegal,2020-02-10,0,0,0,0
Senegal,2020-02-11,0,0,0,0
Senegal,2020-02-12,0,0,0,0
Senegal,2020-02-13,0,0,0,0
Senegal,2020-02-14,0,0,0,0
Senegal,2020-02-15,0,0,0,0
Senegal,2020-02-16,0,0,0,0
Senegal,2020-02-17,0,0,0,0
Senegal,2020-02-18,0,0,0,0
Senegal,2020-02-19,0,0,0,0
Senegal,2020-02-20,0,0,0,0
Senegal,2020-02-21,0,0,0,0
Senegal,2020-02-22,0,0,0,0
Senegal,2020-02-23,0,0,0,0
Senegal,2020-02-24,0,0,0,0
Senegal,2020-02-25,0,0,0,0
Senegal,2020-02-26,0,0,0,0
Senegal,2020-02-27,0,0,0,0
Senegal,2020-02-28,0,0,0,0
Senegal,2020-02-29,0,0,0,0
Senegal,2020-03-01,0,0,0,0
Senegal,2020-03-02,1,0,0,1
Senegal,2020-03-03,2,0,0,2
Senegal,2020-03-04,4,0,0,4
Senegal,2020-03-05,4,0,0,4
Senegal,2020-03-06,4,0,0,4
Senegal,2020-03-07,4,0,0,4
Senegal,2020-03-08,4,0,1,3
Senegal,2020-03-09,4,0,1,3
Senegal,2020-03-10,4,0,1,3
Senegal,2020-03-11,4,0,1,3
Senegal,2020-03-12,4,0,1,3
Senegal,2020-03-13,10,0,1,9
Senegal,2020-03-14,10,0,1,9
Senegal,2020-03-15,24,0,1,23
Senegal,2020-03-16,24,0,2,22
Senegal,2020-03-17,26,0,2,24
Senegal,2020-03-18,31,0,2,29
Senegal,2020-03-19,31,0,2,29
Senegal,2020-03-20,38,0,2,36
Senegal,2020-03-21,47,0,5,42
Senegal,2020-03-22,67,0,5,62
Senegal,2020-03-23,79,0,8,71
Senegal,2020-03-24,86,0,8,78
Senegal,2020-03-25,99,0,9,90
Senegal,2020-03-26,105,0,9,96
Senegal,2020-03-27,119,0,11,108
Senegal,2020-03-28,130,0,18,112
Senegal,2020-03-29,142,0,27,115
Seychelles,2020-01-22,0,0,0,0
Seychelles,2020-01-23,0,0,0,0
Seychelles,2020-01-24,0,0,0,0
Seychelles,2020-01-25,0,0,0,0
Seychelles,2020-01-26,0,0,0,0
Seychelles,2020-01-27,0,0,0,0
Seychelles,2020-01-28,0,0,0,0
Seychelles,2020-01-29,0,0,0,0
Seychelles,2020-01-30,0,0,0,0
Seychelles,2020-01-31,0,0,0,0
Seychelles,2020-02-01,0,0,0,0
Seychelles,2020-02-02,0,0,0,0
Seychelles,2020-02-03,0,0,0,0
Seychelles,2020-02-04,0,0,0,0
Seychelles,2020-02-05,0,0,0,0
Seychelles,2020-02-06,0,0,0,0
Seychelles,2020-02-07,0,0,0,0
Seychelles,2020-02-08,0,0,0,0
Seychelles,2020-02-09,0,0,0,0
Seychelles,2020-02-10,0,0,0,0
Seychelles,2020-02-11,0,0,0,0
Seychelles,2020-02-12,0,0,0,0
Seychelles,2020-02-13,0,0,0,0
Seychelles,2020-02-14,0,0,0,0
Seychelles,2020-02-15,0,0,0,0
Seychelles,2020-02-16,0,0,0,0
Seychelles,2020-02-17,0,0,0,0
Seychelles,2020-02-18,0,0,0,0
Seychelles,2020-02-19,0,0,0,0
Seychelles,2020-02-20,0,0,0,0
Seychelles,2020-02-21,0,0,0,0
Seychelles,2020-02-22,0,0,0,0
Seychelles,2020-02-23,0,0,0,0
Seychelles,2020-02-24,0,0,0,0
Seychelles,2020-02-25,0,0,0,0
Seychelles,2020-02-26,0,0,0,0
Seychelles,2020-02-27,0,0,0,0
Seychelles,2020-02-28,0,0,0,0
Seychelles,2020-02-29,0,0,0,0
Seychelles,2020-03-01,0,0,0,0
Seychelles,2020-03-02,0,0,0,0
Seychelles,2020-03-03,0,0,0,0
Seychelles,2020-03-04,0,0,0,0
Seychelles,2020-03-05,0,0,0,0
Seychelles,2020-03-06,0,0,0,0
Seychelles,2020-03-07,0,0,0,0
Seychelles,2020-03-08,0,0,0,0
Seychelles,2020-03-09,0,0,0,0
Seychelles,2020-03-10,0,0,0,0
Seychelles,2020-03-11,0,0,0,0
Seychelles,2020-03-12,0,0,0,0
Seychelles,2020-03-13,0,0,0,0
Seychelles,2020-03-14,2,0,0,2
Seychelles,2020-03-15,2,0,0,2
Seychelles,2020-03-16,3,0,0,3
Seychelles,2020-03-17,4,0,0,4
Seychelles,2020-03-18,4,0,0,4
Seychelles,2020-03-19,6,0,0,6
Seychelles,2020-03-20,7,0,0,7
Seychelles,2020-03-21,7,0,0,7
Seychelles,2020-03-22,7,0,0,7
Seychelles,2020-03-23,7,0,0,7
Seychelles,2020-03-24,7,0,0,7
Seychelles,2020-03-25,7,0,0,7
Seychelles,2020-03-26,7,0,0,7
Seychelles,2020-03-27,7,0,0,7
Seychelles,2020-03-28,8,0,0,8
Seychelles,2020-03-29,8,0,0,8
Somalia,2020-01-22,0,0,0,0
Somalia,2020-01-23,0,0,0,0
Somalia,2020-01-24,0,0,0,0
Somalia,2020-01-25,0,0,0,0
Somalia,2020-01-26,0,0,0,0
Somalia,2020-01-27,0,0,0,0
Somalia,2020-01-28,0,0,0,0
Somalia,2020-01-29,0,0,0,0
Somalia,2020-01-30,0,0,0,0
Somalia,2020-01-31,0,0,0,0
Somalia,2020-02-01,0,0,0,0
Somalia,2020-02-02,0,0,0,0
Somalia,2020-02-03,0,0,0,0
Somalia,2020-02-04,0,0,0,0
Somalia,2020-02-05,0,0,0,0
Somalia,2020-02-06,0,0,0,0
Somalia,2020-02-07,0,0,0,0
Somalia,2020-02-08,0,0,0,0
Somalia,2020-02-09,0,0,0,0
Somalia,2020-02-10,0,0,0,0
Somalia,2020-02-11,0,0,0,0
Somalia,2020-02-12,0,0,0,0
Somalia,2020-02-13,0,0,0,0
Somalia,2020-02-14,0,0,0,0
Somalia,2020-02-15,0,0,0,0
Somalia,2020-02-16,0,0,0,0
Somalia,2020-02-17,0,0,0,0
Somalia,2020-02-18,0,0,0,0
Somalia,2020-02-19,0,0,0,0
Somalia,2020-02-20,0,0,0,0
Somalia,2020-02-21,0,0,0,0
Somalia,2020-02-22,0,0,0,0
Somalia,2020-02-23,0,0,0,0
Somalia,2020-02-24,0,0,0,0
Somalia,2020-02-25,0,0,0,0
Somalia,2020-02-26,0,0,0,0
Somalia,2020-02-27,0,0,0,0
Somalia,2020-02-28,0,0,0,0
Somalia,2020-02-29,0,0,0,0
Somalia,2020-03-01,0,0,0,0
Somalia,2020-03-02,0,0,0,0
Somalia,2020-03-03,0,0,0,0
Somalia,2020-03-04,0,0,0,0
Somalia,2020-03-05,0,0,0,0
Somalia,2020-03-06,0,0,0,0
Somalia,2020-03-07,0,0,0,0
Somalia,2020-03-08,0,0,0,0
Somalia,2020-03-09,0,0,0,0
Somalia,2020-03-10,0,0,0,0
Somalia,2020-03-11,0,0,0,0
Somalia,2020-03-12,0,0,0,0
Somalia,2020-03-13,0,0,0,0
Somalia,2020-03-14,0,0,0,0
Somalia,2020-03-15,0,0,0,0
Somalia,2020-03-16,1,0,0,1
Somalia,2020-03-17,1,0,0,1
Somalia,2020-03-18,1,0,0,1
Somalia,2020-03-19,1,0,0,1
Somalia,2020-03-20,1,0,0,1
Somalia,2020-03-21,1,0,0,1
Somalia,2020-03-22,1,0,0,1
Somalia,2020-03-23,1,0,0,1
Somalia,2020-03-24,1,0,0,1
Somalia,2020-03-25,1,0,0,1
Somalia,2020-03-26,2,0,0,2
Somalia,2020-03-27,3,0,0,3
Somalia,2020-03-28,3,0,0,3
Somalia,2020-03-29,3,0,0,3
South Africa,2020-01-22,0,0,0,0
South Africa,2020-01-23,0,0,0,0
South Africa,2020-01-24,0,0,0,0
South Africa,2020-01-25,0,0,0,0
South Africa,2020-01-26,0,0,0,0
South Africa,2020-01-27,0,0,0,0
South Africa,2020-01-28,0,0,0,0
South Africa,2020-01-29,0,0,0,0
South Africa,2020-01-30,0,0,0,0
South Africa,2020-01-31,0,0,0,0
South Africa,2020-02-01,0,0,0,0
South Africa,2020-02-02,0,0,0,0
South Africa,2020-02-03,0,0,0,0
South Africa,2020-02-04,0,0,0,0
South Africa,2020-02-05,0,0,0,0
South Africa,2020-02-06,0,0,0,0
South Africa,2020-02-07,0,0,0,0
South Africa,2020-02-08,0,0,0,0
South Africa,2020-02-09,0,0,0,0
South Africa,2020-02-10,0,0,0,0
South Africa,2020-02-11,0,0,0,0
South Africa,2020-02-12,0,0,0,0
South Africa,2020-02-13,0,0,0,0
South Africa,2020-02-14,0,0,0,0
South Africa,2020-02-15,0,0,0,0
South Africa,2020-02-16,0,0,0,0
South Africa,2020-02-17,0,0,0,0
South Africa,2020-02-18,0,0,0,0
South Africa,2020-02-19,0,0,0,0
South Africa,2020-02-20,0,0,0,0
South Africa,2020-02-21,0,0,0,0
South Africa,2020-02-22,0,0,0,0
South Africa,2020-02-23,0,0,0,0
South Africa,2020-02-24,0,0,0,0
South Africa,2020-02-25,0,0,0,0
South Africa,2020-02-26,0,0,0,0
South Africa,2020-02-27,0,0,0,0
South Africa,2020-02-28,0,0,0,0
South Africa,2020-02-29,0,0,0,0
South Africa,2020-03-01,0,0,0,0
South Africa,2020-03-02,0,0,0,0
South Africa,2020-03-03,0,0,0,0
South Africa,2020-03-04,0,0,0,0
South Africa,2020-03-05,1,0,0,1
South Africa,2020-03-06,1,0,0,1
South Africa,2020-03-07,1,0,0,1
South Africa,2020-03-08,3,0,0,3
South Africa,2020-03-09,3,0,0,3
South Africa,2020-03-10,7,0,0,7
South Africa,2020-03-11,13,0,0,13
South Africa,2020-03-12,17,0,0,17
South Africa,2020-03-13,24,0,0,24
South Africa,2020-03-14,38,0,0,38
South Africa,2020-03-15,51,0,0,51
South Africa,2020-03-16,62,0,0,62
South Africa,2020-03-17,62,0,0,62
South Africa,2020-03-18,116,0,0,116
South Africa,2020-03-19,150,0,0,150
South Africa,2020-03-20,202,0,0,202
South Africa,2020-03-21,240,0,0,240
South Africa,2020-03-22,274,0,2,272
South Africa,2020-03-23,402,0,4,398
South Africa,2020-03-24,554,0,4,550
South Africa,2020-03-25,709,0,12,697
South Africa,2020-03-26,927,0,12,915
South Africa,2020-03-27,1170,1,31,1138
South Africa,2020-03-28,1187,1,31,1155
South Africa,2020-03-29,1280,2,31,1247
Sudan,2020-01-22,0,0,0,0
Sudan,2020-01-23,0,0,0,0
Sudan,2020-01-24,0,0,0,0
Sudan,2020-01-25,0,0,0,0
Sudan,2020-01-26,0,0,0,0
Sudan,2020-01-27,0,0,0,0
Sudan,2020-01-28,0,0,0,0
Sudan,2020-01-29,0,0,0,0
Sudan,2020-01-30,0,0,0,0
Sudan,2020-01-31,0,0,0,0
Sudan,2020-02-01,0,0,0,0
Sudan,2020-02-02,0,0,0,0
Sudan,2020-02-03,0,0,0,0
Sudan,2020-02-04,0,0,0,0
Sudan,2020-02-05,0,0,0,0
Sudan,2020-02-06,0,0,0,0
Sudan,2020-02-07,0,0,0,0
Sudan,2020-02-08,0,0,0,0
Sudan,2020-02-09,0,0,0,0
Sudan,2020-02-10,0,0,0,0
Sudan,2020-02-11,0,0,0,0
Sudan,2020-02-12,0,0,0,0
Sudan,2020-02-13,0,0,0,0
Sudan,2020-02-14,0,0,0,0
Sudan,2020-02-15,0,0,0,0
Sudan,2020-02-16,0,0,0,0
Sudan,2020-02-17,0,0,0,0
Sudan,2020-02-18,0,0,0,0
Sudan,2020-02-19,0,0,0,0
Sudan,2020-02-20,0,0,0,0
Sudan,2020-02-21,0,0,0,0
Sudan,2020-02-22,0,0,0,0
Sudan,2020-02-23,0,0,0,0
Sudan,2020-02-24,0,0,0,0
Sudan,2020-02-25,0,0,0,0
Sudan,2020-02-26,0,0,0,0
Sudan,2020-02-27,0,0,0,0
Sudan,2020-02-28,0,0,0,0
Sudan,2020-02-29,0,0,0,0
Sudan,2020-03-01,0,0,0,0
Sudan,2020-03-02,0,0,0,0
Sudan,2020-03-03,0,0,0,0
Sudan,2020-03-04,0,0,0,0
Sudan,2020-03-05,0,0,0,0
Sudan,2020-03-06,0,0,0,0
Sudan,2020-03-07,0,0,0,0
Sudan,2020-03-08,0,0,0,0
Sudan,2020-03-09,0,0,0,0
Sudan,2020-03-10,0,0,0,0
Sudan,2020-03-11,0,0,0,0
Sudan,2020-03-12,0,0,0,0
Sudan,2020-03-13,1,1,0,0
Sudan,2020-03-14,1,1,0,0
Sudan,2020-03-15,1,1,0,0
Sudan,2020-03-16,1,1,0,0
Sudan,2020-03-17,1,1,0,0
Sudan,2020-03-18,2,1,0,1
Sudan,2020-03-19,2,1,0,1
Sudan,2020-03-20,2,1,0,1
Sudan,2020-03-21,2,1,0,1
Sudan,2020-03-22,2,1,0,1
Sudan,2020-03-23,2,1,0,1
Sudan,2020-03-24,3,1,0,2
Sudan,2020-03-25,3,1,0,2
Sudan,2020-03-26,3,1,0,2
Sudan,2020-03-27,3,1,0,2
Sudan,2020-03-28,5,1,0,4
Sudan,2020-03-29,6,1,0,5
Tanzania,2020-01-22,0,0,0,0
Tanzania,2020-01-23,0,0,0,0
Tanzania,2020-01-24,0,0,0,0
Tanzania,2020-01-25,0,0,0,0
Tanzania,2020-01-26,0,0,0,0
Tanzania,2020-01-27,0,0,0,0
Tanzania,2020-01-28,0,0,0,0
Tanzania,2020-01-29,0,0,0,0
Tanzania,2020-01-30,0,0,0,0
Tanzania,2020-01-31,0,0,0,0
Tanzania,2020-02-01,0,0,0,0
Tanzania,2020-02-02,0,0,0,0
Tanzania,2020-02-03,0,0,0,0
Tanzania,2020-02-04,0,0,0,0
Tanzania,2020-02-05,0,0,0,0
Tanzania,2020-02-06,0,0,0,0
Tanzania,2020-02-07,0,0,0,0
Tanzania,2020-02-08,0,0,0,0
Tanzania,2020-02-09,0,0,0,0
Tanzania,2020-02-10,0,0,0,0
Tanzania,2020-02-11,0,0,0,0
Tanzania,2020-02-12,0,0,0,0
Tanzania,2020-02-13,0,0,0,0
Tanzania,2020-02-14,0,0,0,0
Tanzania,2020-02-15,0,0,0,0
Tanzania,2020-02-16,0,0,0,0
Tanzania,2020-02-17,0,0,0,0
Tanzania,2020-02-18,0,0,0,0
Tanzania,2020-02-19,0,0,0,0
Tanzania,2020-02-20,0,0,0,0
Tanzania,2020-02-21,0,0,0,0
Tanzania,2020-02-22,0,0,0,0
Tanzania,2020-02-23,0,0,0,0
Tanzania,2020-02-24,0,0,0,0
Tanzania,2020-02-25,0,0,0,0
Tanzania,2020-02-26,0,0,0,0
Tanzania,2020-02-27,0,0,0,0
Tanzania,2020-02-28,0,0,0,0
Tanzania,2020-02-29,0,0,0,0
Tanzania,2020-03-01,0,0,0,0
Tanzania,2020-03-02,0,0,0,0
Tanzania,2020-03-03,0,0,0,0
Tanzania,2020-03-04,0,0,0,0
Tanzania,2020-03-05,0,0,0,0
Tanzania,2020-03-06,0,0,0,0
Tanzania,2020-03-07,0,0,0,0
Tanzania,2020-03-08,0,0,0,0
Tanzania,2020-03-09,0,0,0,0
Tanzania,2020-03-10,0,0,0,0
Tanzania,2020-03-11,0,0,0,0
Tanzania,2020-03-12,0,0,0,0
Tanzania,2020-03-13,0,0,0,0
Tanzania,2020-03-14,0,0,0,0
Tanzania,2020-03-15,0,0,0,0
Tanzania,2020-03-16,1,0,0,1
Tanzania,2020-03-17,1,0,0,1
Tanzania,2020-03-18,3,0,0,3
Tanzania,2020-03-19,6,0,0,6
Tanzania,2020-03-20,6,0,0,6
Tanzania,2020-03-21,6,0,0,6
Tanzania,2020-03-22,12,0,0,12
Tanzania,2020-03-23,12,0,0,12
Tanzania,2020-03-24,12,0,0,12
Tanzania,2020-03-25,12,0,0,12
Tanzania,2020-03-26,13,0,0,13
Tanzania,2020-03-27,13,0,1,12
Tanzania,2020-03-28,14,0,1,13
Tanzania,2020-03-29,14,0,1,13
Togo,2020-01-22,0,0,0,0
Togo,2020-01-23,0,0,0,0
Togo,2020-01-24,0,0,0,0
Togo,2020-01-25,0,0,0,0
Togo,2020-01-26,0,0,0,0
Togo,2020-01-27,0,0,0,0
Togo,2020-01-28,0,0,0,0
Togo,2020-01-29,0,0,0,0
Togo,2020-01-30,0,0,0,0
Togo,2020-01-31,0,0,0,0
Togo,2020-02-01,0,0,0,0
Togo,2020-02-02,0,0,0,0
Togo,2020-02-03,0,0,0,0
Togo,2020-02-04,0,0,0,0
Togo,2020-02-05,0,0,0,0
Togo,2020-02-06,0,0,0,0
Togo,2020-02-07,0,0,0,0
Togo,2020-02-08,0,0,0,0
Togo,2020-02-09,0,0,0,0
Togo,2020-02-10,0,0,0,0
Togo,2020-02-11,0,0,0,0
Togo,2020-02-12,0,0,0,0
Togo,2020-02-13,0,0,0,0
Togo,2020-02-14,0,0,0,0
Togo,2020-02-15,0,0,0,0
Togo,2020-02-16,0,0,0,0
Togo,2020-02-17,0,0,0,0
Togo,2020-02-18,0,0,0,0
Togo,2020-02-19,0,0,0,0
Togo,2020-02-20,0,0,0,0
Togo,2020-02-21,0,0,0,0
Togo,2020-02-22,0,0,0,0
Togo,2020-02-23,0,0,0,0
Togo,2020-02-24,0,0,0,0
Togo,2020-02-25,0,0,0,0
Togo,2020-02-26,0,0,0,0
Togo,2020-02-27,0,0,0,0
Togo,2020-02-28,0,0,0,0
Togo,2020-02-29,0,0,0,0
Togo,2020-03-01,0,0,0,0
Togo,2020-03-02,0,0,0,0
Togo,2020-03-03,0,0,0,0
Togo,2020-03-04,0,0,0,0
Togo,2020-03-05,0,0,0,0
Togo,2020-03-06,1,0,0,1
Togo,2020-03-07,1,0,0,1
Togo,2020-03-08,1,0,0,1
Togo,2020-03-09,1,0,0,1
Togo,2020-03-10,1,0,0,1
Togo,2020-03-11,1,0,0,1
Togo,2020-03-12,1,0,0,1
Togo,2020-03-13,1,0,0,1
Togo,2020-03-14,1,0,0,1
Togo,2020-03-15,1,0,0,1
Togo,2020-03-16,1,0,0,1
Togo,2020-03-17,1,0,0,1
Togo,2020-03-18,1,0,0,1
Togo,2020-03-19,1,0,0,1
Togo,2020-03-20,9,0,1,8
Togo,2020-03-21,16,0,1,15
Togo,2020-03-22,16,0,0,16
Togo,2020-03-23,18,0,0,18
Togo,2020-03-24,20,0,1,19
Togo,2020-03-25,23,0,1,22
Togo,2020-03-26,23,0,1,22
Togo,2020-03-27,25,1,1,23
Togo,2020-03-28,25,1,1,23
Togo,2020-03-29,25,1,1,23
Tunisia,2020-01-22,0,0,0,0
Tunisia,2020-01-23,0,0,0,0
Tunisia,2020-01-24,0,0,0,0
Tunisia,2020-01-25,0,0,0,0
Tunisia,2020-01-26,0,0,0,0
Tunisia,2020-01-27,0,0,0,0
Tunisia,2020-01-28,0,0,0,0
Tunisia,2020-01-29,0,0,0,0
Tunisia,2020-01-30,0,0,0,0
Tunisia,2020-01-31,0,0,0,0
Tunisia,2020-02-01,0,0,0,0
Tunisia,2020-02-02,0,0,0,0
Tunisia,2020-02-03,0,0,0,0
Tunisia,2020-02-04,0,0,0,0
Tunisia,2020-02-05,0,0,0,0
Tunisia,2020-02-06,0,0,0,0
Tunisia,2020-02-07,0,0,0,0
Tunisia,2020-02-08,0,0,0,0
Tunisia,2020-02-09,0,0,0,0
Tunisia,2020-02-10,0,0,0,0
Tunisia,2020-02-11,0,0,0,0
Tunisia,2020-02-12,0,0,0,0
Tunisia,2020-02-13,0,0,0,0
Tunisia,2020-02-14,0,0,0,0
Tunisia,2020-02-15,0,0,0,0
Tunisia,2020-02-16,0,0,0,0
Tunisia,2020-02-17,0,0,0,0
Tunisia,2020-02-18,0,0,0,0
Tunisia,2020-02-19,0,0,0,0
Tunisia,2020-02-20,0,0,0,0
Tunisia,2020-02-21,0,0,0,0
Tunisia,2020-02-22,0,0,0,0
Tunisia,2020-02-23,0,0,0,0
Tunisia,2020-02-24,0,0,0,0
Tunisia,2020-02-25,0,0,0,0
Tunisia,2020-02-26,0,0,0,0
Tunisia,2020-02-27,0,0,0,0
Tunisia,2020-02-28,0,0,0,0
Tunisia,2020-02-29,0,0,0,0
Tunisia,2020-03-01,0,0,0,0
Tunisia,2020-03-02,0,0,0,0
Tunisia,2020-03-03,0,0,0,0
Tunisia,2020-03-04,1,0,0,1
Tunisia,2020-03-05,1,0,0,1
Tunisia,2020-03-06,1,0,0,1
Tunisia,2020-03-07,1,0,0,1
Tunisia,2020-03-08,2,0,0,2
Tunisia,2020-03-09,2,0,0,2
Tunisia,2020-03-10,5,0,0,5
Tunisia,2020-03-11,7,0,0,7
Tunisia,2020-03-12,7,0,0,7
Tunisia,2020-03-13,16,0,0,16
Tunisia,2020-03-14,18,0,0,18
Tunisia,2020-03-15,18,0,0,18
Tunisia,2020-03-16,20,0,0,20
Tunisia,2020-03-17,24,0,0,24
Tunisia,2020-03-18,29,0,0,29
Tunisia,2020-03-19,39,1,0,38
Tunisia,2020-03-20,54,1,0,53
Tunisia,2020-03-21,60,1,0,59
Tunisia,2020-03-22,75,3,1,71
Tunisia,2020-03-23,89,3,1,85
Tunisia,2020-03-24,114,4,1,109
Tunisia,2020-03-25,173,5,2,166
Tunisia,2020-03-26,197,6,2,189
Tunisia,2020-03-27,227,6,2,219
Tunisia,2020-03-28,278,8,2,268
Tunisia,2020-03-29,312,8,2,302
Uganda,2020-01-22,0,0,0,0
Uganda,2020-01-23,0,0,0,0
Uganda,2020-01-24,0,0,0,0
Uganda,2020-01-25,0,0,0,0
Uganda,2020-01-26,0,0,0,0
Uganda,2020-01-27,0,0,0,0
Uganda,2020-01-28,0,0,0,0
Uganda,2020-01-29,0,0,0,0
Uganda,2020-01-30,0,0,0,0
Uganda,2020-01-31,0,0,0,0
Uganda,2020-02-01,0,0,0,0
Uganda,2020-02-02,0,0,0,0
Uganda,2020-02-03,0,0,0,0
Uganda,2020-02-04,0,0,0,0
Uganda,2020-02-05,0,0,0,0
Uganda,2020-02-06,0,0,0,0
Uganda,2020-02-07,0,0,0,0
Uganda,2020-02-08,0,0,0,0
Uganda,2020-02-09,0,0,0,0
Uganda,2020-02-10,0,0,0,0
Uganda,2020-02-11,0,0,0,0
Uganda,2020-02-12,0,0,0,0
Uganda,2020-02-13,0,0,0,0
Uganda,2020-02-14,0,0,0,0
Uganda,2020-02-15,0,0,0,0
Uganda,2020-02-16,0,0,0,0
Uganda,2020-02-17,0,0,0,0
Uganda,2020-02-18,0,0,0,0
Uganda,2020-02-19,0,0,0,0
Uganda,2020-02-20,0,0,0,0
Uganda,2020-02-21,0,0,0,0
Uganda,2020-02-22,0,0,0,0
Uganda,2020-02-23,0,0,0,0
Uganda,2020-02-24,0,0,0,0
Uganda,2020-02-25,0,0,0,0
Uganda,2020-02-26,0,0,0,0
Uganda,2020-02-27,0,0,0,0
Uganda,2020-02-28,0,0,0,0
Uganda,2020-02-29,0,0,0,0
Uganda,2020-03-01,0,0,0,0
Uganda,2020-03-02,0,0,0,0
Uganda,2020-03-03,0,0,0,0
Uganda,2020-03-04,0,0,0,0
Uganda,2020-03-05,0,0,0,0
Uganda,2020-03-06,0,0,0,0
Uganda,2020-03-07,0,0,0,0
Uganda,2020-03-08,0,0,0,0
Uganda,2020-03-09,0,0,0,0
Uganda,2020-03-10,0,0,0,0
Uganda,2020-03-11,0,0,0,0
Uganda,2020-03-12,0,0,0,0
Uganda,2020-03-13,0,0,0,0
Uganda,2020-03-14,0,0,0,0
Uganda,2020-03-15,0,0,0,0
Uganda,2020-03-16,0,0,0,0
Uganda,2020-03-17,0,0,0,0
Uganda,2020-03-18,0,0,0,0
Uganda,2020-03-19,0,0,0,0
Uganda,2020-03-20,0,0,0,0
Uganda,2020-03-21,1,0,0,1
Uganda,2020-03-22,1,0,0,1
Uganda,2020-03-23,9,0,0,9
Uganda,2020-03-24,9,0,0,9
Uganda,2020-03-25,14,0,0,14
Uganda,2020-03-26,14,0,0,14
Uganda,2020-03-27,23,0,0,23
Uganda,2020-03-28,30,0,0,30
Uganda,2020-03-29,33,0,0,33
Zambia,2020-01-22,0,0,0,0
Zambia,2020-01-23,0,0,0,0
Zambia,2020-01-24,0,0,0,0
Zambia,2020-01-25,0,0,0,0
Zambia,2020-01-26,0,0,0,0
Zambia,2020-01-27,0,0,0,0
Zambia,2020-01-28,0,0,0,0
Zambia,2020-01-29,0,0,0,0
Zambia,2020-01-30,0,0,0,0
Zambia,2020-01-31,0,0,0,0
Zambia,2020-02-01,0,0,0,0
Zambia,2020-02-02,0,0,0,0
Zambia,2020-02-03,0,0,0,0
Zambia,2020-02-04,0,0,0,0
Zambia,2020-02-05,0,0,0,0
Zambia,2020-02-06,0,0,0,0
Zambia,2020-02-07,0,0,0,0
Zambia,2020-02-08,0,0,0,0
Zambia,2020-02-09,0,0,0,0
Zambia,2020-02-10,0,0,0,0
Zambia,2020-02-11,0,0,0,0
Zambia,2020-02-12,0,0,0,0
Zambia,2020-02-13,0,0,0,0
Zambia,2020-02-14,0,0,0,0
Zambia,2020-02-15,0,0,0,0
Zambia,2020-02-16,0,0,0,0
Zambia,2020-02-17,0,0,0,0
Zambia,2020-02-18,0,0,0,0
Zambia,2020-02-19,0,0,0,0
Zambia,2020-02-20,0,0,0,0
Zambia,2020-02-21,0,0,0,0
Zambia,2020-02-22,0,0,0,0
Zambia,2020-02-23,0,0,0,0
Zambia,2020-02-24,0,0,0,0
Zambia,2020-02-25,0,0,0,0
Zambia,2020-02-26,0,0,0,0
Zambia,2020-02-27,0,0,0,0
Zambia,2020-02-28,0,0,0,0
Zambia,2020-02-29,0,0,0,0
Zambia,2020-03-01,0,0,0,0
Zambia,2020-03-02,0,0,0,0
Zambia,2020-03-03,0,0,0,0
Zambia,2020-03-04,0,0,0,0
Zambia,2020-03-05,0,0,0,0
Zambia,2020-03-06,0,0,0,0
Zambia,2020-03-07,0,0,0,0
Zambia,2020-03-08,0,0,0,0
Zambia,2020-03-09,0,0,0,0
Zambia,2020-03-10,0,0,0,0
Zambia,2020-03-11,0,0,0,0
Zambia,2020-03-12,0,0,0,0
Zambia,2020-03-13,0,0,0,0
Zambia,2020-03-14,0,0,0,0
Zambia,2020-03-15,0,0,0,0
Zambia,2020-03-16,0,0,0,0
Zambia,2020-03-17,0,0,0,0
Zambia,2020-03-18,2,0,0,2
Zambia,2020-03-19,2,0,0,2
Zambia,2020-03-20,2,0,0,2
Zambia,2020-03-21,2,0,0,2
Zambia,2020-03-22,3,0,0,3
Zambia,2020-03-23,3,0,0,3
Zambia,2020-03-24,3,0,0,3
Zambia,2020-03-25,12,0,0,12
Zambia,2020-03-26,16,0,0,16
Zambia,2020-03-27,22,0,0,22
Zambia,2020-03-28,28,0,0,28
Zambia,2020-03-29,29,0,0,29
Zimbabwe,2020-01-22,0,0,0,0
Zimbabwe,2020-01-23,0,0,0,0
Zimbabwe,2020-01-24,0,0,0,0
Zimbabwe,2020-01-25,0,0,0,0
Zimbabwe,2020-01-26,0,0,0,0
Zimbabwe,2020-01-27,0,0,0,0
Zimbabwe,2020-01-28,0,0,0,0
Zimbabwe,2020-01-29,0,0,0,0
Zimbabwe,2020-01-30,0,0,0,0
Zimbabwe,2020-01-31,0,0,0,0
Zimbabwe,2020-02-01,0,0,0,0
Zimbabwe,2020-02-02,0,0,0,0
Zimbabwe,2020-02-03,0,0,0,0
Zimbabwe,2020-02-04,0,0,0,0
Zimbabwe,2020-02-05,0,0,0,0
Zimbabwe,2020-02-06,0,0,0,0
Zimbabwe,2020-02-07,0,0,0,0
Zimbabwe,2020-02-08,0,0,0,0
Zimbabwe,2020-02-09,0,0,0,0
Zimbabwe,2020-02-10,0,0,0,0
Zimbabwe,2020-02-11,0,0,0,0
Zimbabwe,2020-02-12,0,0,0,0
Zimbabwe,2020-02-13,0,0,0,0
Zimbabwe,2020-02-14,0,0,0,0
Zimbabwe,2020-02-15,0,0,0,0
Zimbabwe,2020-02-16,0,0,0,0
Zimbabwe,2020-02-17,0,0,0,0
Zimbabwe,2020-02-18,0,0,0,0
Zimbabwe,2020-02-19,0,0,0,0
Zimbabwe,2020-02-20,0,0,0,0
Zimbabwe,2020-02-21,0,0,0,0
Zimbabwe,2020-02-22,0,0,0,0
Zimbabwe,2020-02-23,0,0,0,0
Zimbabwe,2020-02-24,0,0,0,0
Zimbabwe,2020-02-25,0,0,0,0
Zimbabwe,2020-02-26,0,0,0,0
Zimbabwe,2020-02-27,0,0,0,0
Zimbabwe,2020-02-28,0,0,0,0
Zimbabwe,2020-02-29,0,0,0,0
Zimbabwe,2020-03-01,0,0,0,0
Zimbabwe,2020-03-02,0,0,0,0
Zimbabwe,2020-03-03,0,0,0,0
Zimbabwe,2020-03-04,0,0,0,0
Zimbabwe,2020-03-05,0,0,0,0
Zimbabwe,2020-03-06,0,0,0,0
Zimbabwe,2020-03-07,0,0,0,0
Zimbabwe,2020-03-08,0,0,0,0
Zimbabwe,2020-03-09,0,0,0,0
Zimbabwe,2020-03-10,0,0,0,0
Zimbabwe,2020-03-11,0,0,0,0
Zimbabwe,2020-03-12,0,0,0,0
Zimbabwe,2020-03-13,0,0,0,0
Zimbabwe,2020-03-14,0,0,0,0
Zimbabwe,2020-03-15,0,0,0,0
Zimbabwe,2020-03-16,0,0,0,0
Zimbabwe,2020-03-17,0,0,0,0
Zimbabwe,2020-03-18,0,0,0,0
Zimbabwe,2020-03-19,0,0,0,0
Zimbabwe,2020-03-20,1,0,0,1
Zimbabwe,2020-03-21,3,0,0,3
Zimbabwe,2020-03-22,3,0,0,3
Zimbabwe,2020-03-23,3,1,0,2
Zimbabwe,2020-03-24,3,1,0,2
Zimbabwe,2020-03-25,3,1,0,2
Zimbabwe,2020-03-26,3,1,0,2
Zimbabwe,2020-03-27,5,1,0,4
Zimbabwe,2020-03-28,7,1,0,6
Zimbabwe,2020-03-29,7,1,0,6
